Name,Gender,Age,City,Email,Salary,Department,Date_of_Joining
Maria Gonzales,Male,34.0,Johnstad,lewiskatrina@example.net,140022.0,Engineering,2021-12-25
,Female,26.0,Port Matthew,wtrujillo@example.org,59257.0,Marketing,2021-06-01
Andrea Jackson,Male,,Markhaven,jstrickland@example.org,117272.0,HR,2020-08-09
Ms. Jennifer Stevens PhD,Male,37.0,,mejiacynthia@example.net,72207.0,Sales,2023-01-17
Alexandra Ramirez,Male,30.0,,qstanton@example.net,,,2020-12-03
Michelle Diaz,Female,45.0,Marshchester,,91246.0,Engineering,2021-11-29
Amanda Pham,Male,46.0,Sherryfort,sgarner@example.org,31435.0,Sales,2020-08-21
Shannon King,Male,30.0,West Elizabeth,rodriguezheidi@example.org,128875.0,HR,2020-02-19
Mrs. Catherine Jenkins MD,,63.0,Ellischester,toddsoto@example.com,130686.0,Marketing,2022-06-02
Elizabeth Ramirez,Female,52.0,Jamesshire,ryandebbie@example.org,121357.0,Marketing,2024-06-27
Kevin Duarte,Male,23.0,,tinapeters@example.org,56660.0,Marketing,2022-11-07
Linda Brown,Male,35.0,Thomasmouth,phillip26@example.org,35084.0,Sales,2021-08-11
James Macias,Male,22.0,Markside,tami09@example.net,112197.0,Engineering,2022-07-15
Leonard Alvarado,Male,,North Andreshire,christina73@example.com,,Engineering,2024-02-22
Elizabeth Cain,Female,42.0,Marshallberg,allisonlopez@example.net,102595.0,Marketing,2023-01-02
Jerry Mcdaniel,Male,19.0,New Zachary,staceytaylor@example.org,113807.0,HR,2022-12-31
Christina Davis,Female,27.0,Leslieburgh,marcusjohnson@example.net,75539.0,,2023-01-07
Michael Stafford,Female,47.0,Davisville,alittle@example.net,145953.0,Engineering,
Hannah Strickland,Female,62.0,Port Baileybury,david46@example.com,37491.0,HR,2022-09-29
Jose Mathews,Male,22.0,Matthewbury,zjarvis@example.com,142831.0,Engineering,2023-04-06
Peter Jennings,Female,50.0,Bellmouth,quinnkevin@example.com,80192.0,,2020-05-31
Brad White,Male,18.0,North Heather,johnknox@example.org,110395.0,Engineering,2022-05-28
Charles Andrade,Female,,Emilyfort,,,Engineering,2023-02-19
Matthew Martinez,,,South Jill,seanrodriguez@example.org,103609.0,Marketing,
Leslie Carroll,Female,64.0,Williamsside,scott30@example.net,39077.0,HR,2020-07-17
John Barnes,Female,28.0,North Walter,deanna78@example.net,147440.0,Engineering,
Kristin Harrison MD,Female,38.0,Vickichester,ian97@example.com,50953.0,Engineering,2021-02-10
Laura Richardson,Female,43.0,Lake Michele,jenniferburns@example.com,106919.0,Marketing,2020-07-27
Brian Roberson,Female,42.0,Brendafort,ehughes@example.org,144682.0,HR,2024-05-01
Brenda Carter,Female,39.0,,bradley27@example.org,97889.0,Engineering,2020-01-03
Robert Young MD,,44.0,South Corey,jason93@example.org,53821.0,Marketing,2020-02-13
Kathryn Sanders,Male,30.0,Lake Markstad,,67567.0,Engineering,2020-03-19
Aaron Reese,Female,,North Nathanfurt,patricianielsen@example.net,145374.0,Sales,2020-03-28
Sydney Woodward,Female,51.0,Mariobury,,54860.0,Marketing,
Makayla Lawson,,58.0,Alexandershire,jameshart@example.org,,HR,
Scott Ellis,Male,52.0,Bautistaview,hhill@example.com,107475.0,HR,2022-11-28
,Female,18.0,Port David,paul73@example.com,120874.0,HR,2020-11-17
Joseph Hendricks,Male,38.0,East Samanthaview,lopezgloria@example.net,117266.0,HR,2022-03-20
Kenneth Wright,Male,23.0,,seandean@example.net,51427.0,Engineering,2022-05-09
,Male,,,lisamorris@example.com,130732.0,,2022-10-25
Robert Kennedy Jr.,Male,34.0,Port Sylviahaven,,57083.0,HR,2021-09-11
,Male,22.0,West Daniel,cwilliams@example.org,117046.0,HR,2023-12-06
Daniel Mclaughlin,Female,48.0,Cooperton,kaitlinblair@example.org,87372.0,HR,2024-05-15
Leslie English,Female,22.0,Sarashire,brockcolleen@example.com,74064.0,Engineering,2023-01-25
Donna Rodriguez,Female,55.0,North Eugenetown,jonathanjones@example.com,,HR,
Christopher Olson,Female,20.0,Jennachester,mosesstephanie@example.net,61598.0,HR,2022-05-26
Lisa Walker,Female,40.0,Waltersshire,tammyrobertson@example.net,142718.0,Sales,2020-03-12
William Adams,Male,54.0,Johnsonville,bakercourtney@example.com,123106.0,Sales,2021-06-01
Grace Page,Female,,Amberview,miranda41@example.net,57082.0,HR,2023-08-10
Stephanie Coffey,Female,27.0,South Steven,,59241.0,,2021-03-05
,Male,27.0,New Kimshire,lisa84@example.org,126214.0,HR,2022-05-02
Kenneth Hess,Female,36.0,North Coreyburgh,mdavis@example.org,74569.0,Sales,2022-06-07
Jessica Castillo,Male,34.0,New Michael,tiffanyhill@example.org,41745.0,Marketing,2024-01-03
Randy Golden,Female,38.0,Dustinhaven,karen35@example.com,56029.0,Marketing,2023-10-19
Mr. Steven Allen,Male,,Laurafort,crawfordmatthew@example.org,43025.0,HR,2023-01-04
Daniel Conrad,Female,26.0,Millerton,lanceknox@example.net,131660.0,Sales,2023-04-03
Marcus Jordan,Female,63.0,Lake Peter,powellgregory@example.com,44288.0,Sales,2020-08-06
,Male,18.0,Juanville,lewislaura@example.org,119186.0,Marketing,2022-11-19
Michelle Foster,Male,62.0,Jessicaside,danny17@example.com,36540.0,HR,2020-01-31
,Male,30.0,,,127768.0,Engineering,2024-06-09
Mark King,Male,21.0,New Jodiport,,,Engineering,2020-04-30
Kimberly Johnson,Male,,West Daniel,cgarcia@example.net,98878.0,Sales,2023-12-14
Sean Douglas,Male,57.0,North Lisa,anna08@example.com,71846.0,Engineering,2024-07-18
Christie Hunt,Male,49.0,Clayberg,harold05@example.net,131148.0,Sales,2020-11-05
Mary Key,Male,51.0,Christopherview,,105932.0,Sales,2023-05-23
Brett Kerr,Female,45.0,South Christopher,peter70@example.com,47482.0,Sales,2023-02-12
Brian Allen,,,Dickersonfurt,david42@example.net,53411.0,Engineering,2022-09-07
Dawn Harris,Male,25.0,South Williamstad,amberbennett@example.com,80975.0,Sales,2023-12-03
Katherine Shaw,Female,56.0,Lake Melissa,melissa12@example.net,90545.0,,2023-08-04
Matthew Cruz,Female,43.0,Thomastown,daniel90@example.com,142302.0,HR,2021-03-15
Michael Kane,Female,51.0,Jessicaland,josephbarrett@example.net,108797.0,HR,2022-04-15
,Female,20.0,,melanie99@example.net,82307.0,Sales,2021-10-22
Angela Scott,Male,29.0,Adamsmouth,,33093.0,HR,2023-12-11
Jose King,Female,,East Denisemouth,alexis99@example.net,107258.0,Engineering,2023-02-08
Robert Gordon,Male,61.0,East Kelly,dcampbell@example.com,52042.0,Engineering,2024-03-21
Martha Brown,Female,22.0,South Jennifer,morgan89@example.org,82930.0,HR,2020-10-30
Jeremy Rowe,Female,47.0,North Nicholasbury,qowen@example.org,147584.0,Engineering,2022-07-28
Pamela Roberts,Female,47.0,Jessicashire,valdezmadison@example.org,74413.0,HR,2023-12-09
Susan Patterson,Male,34.0,Nicoleburgh,joshua21@example.com,143387.0,HR,
Brian Scott,,64.0,Jenniferland,riversrachel@example.com,123623.0,HR,2022-11-12
Nicholas Phillips,Male,40.0,Deanburgh,timothyklein@example.net,,Sales,2020-02-29
Aaron Clements,Female,,New Calebhaven,wwashington@example.net,63756.0,HR,2022-07-10
Elizabeth Welch,Male,54.0,East Alexander,,83268.0,Sales,2020-04-23
Donald Freeman,Female,38.0,,rcopeland@example.net,69214.0,HR,2022-01-03
,,,Kristinfort,jessica45@example.com,111871.0,HR,2020-09-10
Brianna Francis,Male,19.0,,darrylwest@example.com,58602.0,HR,2024-02-28
Cynthia Powell,Female,28.0,Shortmouth,nmorris@example.org,83331.0,Engineering,2022-12-15
John Marsh,Male,56.0,Lake Tamara,antonio85@example.com,,Sales,2021-05-05
Amber Wells,Female,55.0,South Ashleymouth,suzannelopez@example.org,129986.0,Sales,2021-11-17
Crystal Moore PhD,Female,51.0,West William,angelicaaustin@example.com,93416.0,HR,2021-11-19
Ralph Powell,Female,55.0,,powerschase@example.net,62196.0,HR,2021-01-01
Michael Barnett,Female,,South Cassandra,tammy08@example.com,35626.0,Engineering,2021-07-11
Tiffany Finley,Female,35.0,East Karen,clifford24@example.org,37424.0,Engineering,2022-11-28
John Cabrera,Female,47.0,Amyfort,walter08@example.net,,Engineering,2020-01-25
Jordan Brown,Female,32.0,South Carloschester,lhanna@example.com,140459.0,,2020-06-14
Eric Shaw,Female,44.0,Johnsonland,sarawong@example.com,145621.0,Sales,2021-08-16
,Female,51.0,Lindsaymouth,timothy98@example.org,49982.0,,2022-08-12
Michele Baldwin,Female,55.0,Landryland,ethan59@example.net,106961.0,HR,2022-10-07
Kimberly Rodriguez,,50.0,Port James,dianewillis@example.org,31980.0,Sales,2021-04-10
Paul Newman,Male,,Catherineborough,melissareed@example.com,78290.0,Marketing,2022-05-13
James Kemp,Male,32.0,East Lisaville,larry01@example.net,56431.0,Marketing,2021-04-29
Rick Clark,Female,47.0,,angela05@example.net,114976.0,Engineering,
Kimberly Smith,Female,59.0,West Kimberlyfurt,vaughndaniel@example.com,137288.0,Sales,2023-11-05
Gwendolyn Brown,Female,34.0,,,112711.0,Marketing,2021-01-18
Gabriella Stewart,,22.0,East Erin,lhall@example.com,144187.0,Engineering,2021-04-15
Emily Jackson,,46.0,Smithtown,storres@example.com,56385.0,Sales,2024-06-16
Gabriel Porter,Female,21.0,South David,daniel11@example.net,68158.0,HR,2023-04-12
Melissa Valencia,Female,27.0,North Tamara,jennifer96@example.org,53019.0,Marketing,
Christopher Murphy,Female,34.0,Poolemouth,abailey@example.org,48639.0,HR,2020-07-26
,Male,27.0,Alvaradostad,myoung@example.com,115530.0,Sales,2022-04-19
Tonya Jackson,Female,34.0,Lake Elizabethville,tylerromero@example.org,129911.0,Marketing,2021-11-09
Mary Curry,Male,37.0,South Laurabury,james12@example.com,51563.0,Sales,2023-06-27
Debra Lang,Female,41.0,North Joshualand,mgoodman@example.org,69341.0,HR,2023-06-29
Eric Young,Female,,Port Angelatown,klane@example.net,145672.0,Marketing,2022-11-12
Brittany Yates,Male,51.0,New Peter,,35776.0,HR,2023-08-17
Lisa Ramsey,Female,23.0,Calvinbury,uchapman@example.com,66444.0,Sales,2021-02-11
Laura David,Male,19.0,Lake Tiffanytown,qdaugherty@example.org,98916.0,Sales,2022-05-18
Sarah Smith,Female,30.0,Mcintyreberg,ryan50@example.net,38711.0,HR,2024-05-16
Joseph Simpson,Female,60.0,Carriestad,cshields@example.org,104318.0,Marketing,
Evan Brown,Male,60.0,New Javier,boydkatherine@example.net,112970.0,HR,2020-09-30
David Woods,Female,28.0,Heatherside,hsmith@example.org,142301.0,,2021-01-19
Brian Nichols,Male,64.0,North Dariusshire,sierracaldwell@example.net,115553.0,HR,2023-08-24
Mary Christian,Female,40.0,Moorefort,sean40@example.net,60707.0,Sales,2020-07-17
Lori White,Male,33.0,,,69110.0,,2021-08-06
Sandra Gutierrez,Male,48.0,South Michaelfort,michael25@example.com,91788.0,Marketing,2024-01-27
Jimmy Callahan,Female,28.0,Morganmouth,daniel48@example.com,112879.0,Marketing,2021-05-31
Diana Sanford,Female,33.0,South Franciscotown,denise01@example.org,68827.0,HR,2021-12-05
Mr. Bobby Torres,Male,25.0,Joshuaberg,meyermaria@example.org,,HR,2020-06-29
,Female,21.0,Ramseyborough,davidpennington@example.com,35655.0,Marketing,2020-08-06
,,57.0,West Wayne,thomasgarner@example.org,74859.0,Sales,
,Female,21.0,Port Jennifer,ynichols@example.net,83625.0,Marketing,2020-10-14
Joseph Thomas,Male,42.0,South Scott,mwilliams@example.com,82098.0,Sales,2020-06-02
Linda Myers,Male,20.0,,fosterlisa@example.org,45251.0,HR,
Samuel Ward,Male,49.0,Michelleland,allen30@example.org,30526.0,HR,2023-04-20
Marcus Ward,Male,20.0,Solisview,thomasvincent@example.org,98760.0,,2023-10-28
Tyler Webb,Male,44.0,Reeseburgh,,77837.0,HR,2023-01-13
Daniel Krause,Male,46.0,Lauraberg,lorismith@example.org,41536.0,,2023-01-09
Paul Newton MD,Male,49.0,West Nicholas,aterrell@example.net,58541.0,Engineering,2024-07-05
Jamie Smith,Male,36.0,,gonzalezdavid@example.com,109083.0,Marketing,2023-05-06
Scott Stevens,Male,38.0,East Elizabethbury,donna70@example.com,81027.0,,2022-08-20
Joanna Palmer,Female,22.0,Port Jamieville,oconner@example.com,64531.0,Sales,2020-07-11
Daniel Torres,Male,35.0,,,38712.0,Marketing,2023-07-11
Randall Fisher,Female,45.0,New William,stevenpeterson@example.com,134101.0,Sales,2023-04-11
,Female,59.0,Port Teresa,ynavarro@example.com,95455.0,Marketing,2020-02-14
Sherry Woods,,39.0,Garrisonstad,gmorgan@example.com,,Marketing,2023-09-19
Joshua Rodriguez,Male,38.0,North Karenmouth,amymoses@example.net,35109.0,Marketing,2022-09-24
Frank Dean,Male,23.0,South Bettychester,jbrandt@example.com,79268.0,Marketing,2021-01-16
Jose Jacobson,Male,18.0,Austinmouth,tdouglas@example.net,130737.0,Sales,2020-11-24
Andrea Sanchez,Male,22.0,East Matthewtown,robert11@example.com,84615.0,Marketing,2024-01-17
,Female,58.0,Elliottfurt,boydanna@example.org,112503.0,Marketing,2023-11-08
,Male,29.0,East Amber,karen92@example.com,59759.0,,2023-06-23
,Male,43.0,Austinport,hicksmaria@example.org,115708.0,HR,2023-04-10
Wesley Mclaughlin,Male,63.0,Jennifertown,bradleyanderson@example.com,90112.0,HR,2021-10-30
Victoria Pierce,Male,,East Kristinachester,ekim@example.net,132471.0,Engineering,2020-01-14
Michael Johnson,Male,31.0,Port Davidville,ostevenson@example.net,56589.0,Engineering,2022-06-06
Gregory Taylor,Female,43.0,,kimberlyhunter@example.com,60015.0,Sales,2024-01-29
Michaela Hurley,,62.0,New Wendyview,,59009.0,Sales,2023-04-18
Zachary Berg,Female,44.0,Johnfort,shepherdharold@example.com,113309.0,Sales,2020-08-30
Kevin Nguyen,Male,26.0,,staciedominguez@example.com,92046.0,Engineering,2023-02-17
Derek Smith,,43.0,,austin44@example.org,,Engineering,2023-07-18
Melvin Cummings,Male,64.0,West Toddshire,vjohnson@example.org,56143.0,Marketing,2023-09-26
Ann Clark,Male,39.0,Lake Sergio,codymay@example.net,36154.0,Sales,
Nathan Sanders,Female,64.0,Jonesfurt,fcastro@example.com,51804.0,Sales,2023-12-02
Brian Walsh,Female,47.0,Mitchellfurt,colinsmith@example.net,71688.0,Sales,2023-04-11
Peter Frazier,Female,60.0,South Alyssaland,rogermejia@example.com,94288.0,HR,2023-01-24
Randall Weber,Male,34.0,Wolfeport,ayalakathy@example.com,81195.0,Marketing,2021-01-20
Kayla Jones,Female,43.0,Melindaton,michaelyoung@example.net,50581.0,Sales,2021-12-07
Sabrina Hammond,Male,53.0,Vancemouth,jhudson@example.net,82648.0,Sales,2021-02-08
Stephen Garcia,Male,18.0,New Beverly,dylandurham@example.org,60087.0,Sales,2022-06-26
Paul Wright,Female,,South Kelly,ronaldwilliams@example.org,,HR,2022-05-10
Jeremiah Hudson,Female,52.0,East Christine,crystal64@example.net,62981.0,,2023-11-27
Bruce Hamilton,Male,32.0,Christinamouth,wbishop@example.com,99298.0,Engineering,
Katherine Patton,Male,64.0,Davidfort,janice65@example.com,76167.0,,2024-07-04
Teresa Moore,Female,39.0,,,105304.0,Engineering,2021-01-31
Amber Jackson,Female,31.0,Gayfurt,zfowler@example.org,73408.0,Marketing,2022-10-23
,Female,43.0,,kimberly12@example.net,69499.0,HR,2023-04-04
Stephen Harvey,Male,45.0,Martinbury,erinanderson@example.org,82269.0,Sales,2020-03-27
Mr. Tyler Boyd,Male,,Turnerchester,tcurry@example.net,68559.0,Engineering,2021-05-14
Courtney Sanders,Male,,Lake Lesliechester,kyleschmitt@example.net,144126.0,Sales,2021-09-14
Amanda Griffin,Male,41.0,Cynthiaport,kayla80@example.net,,Engineering,2023-07-25
Stephanie Brown,Male,19.0,East Stephaniestad,zchristensen@example.net,141925.0,HR,2020-06-23
Richard Nunez,Male,62.0,Port Marvinview,xwarren@example.net,125317.0,HR,2024-05-08
Adrian Evans,Female,43.0,Kiaraborough,,126347.0,,2021-09-14
Seth Rodriguez,,31.0,Michaelmouth,privera@example.net,78787.0,Engineering,2023-12-24
Kevin Martinez,Male,24.0,Allenville,casewilliam@example.net,,Marketing,
Dustin Giles,,20.0,South Samuel,lauramorgan@example.com,104441.0,Engineering,2023-10-31
Cynthia Hernandez,Female,64.0,South Randallchester,njones@example.net,104663.0,Marketing,2021-11-06
Anne Bowers,Male,40.0,Anthonyberg,jowens@example.org,52431.0,Engineering,2020-05-17
,Male,63.0,North Albert,harrisonamanda@example.net,91681.0,,2022-12-09
Dennis Acosta,,60.0,Woodview,,93483.0,HR,2022-08-30
Michele Levine,Male,64.0,Myersland,kimberlywarren@example.net,79153.0,Sales,2022-08-18
Michael Hughes,Male,62.0,Thomasbury,wanda12@example.com,36368.0,Sales,2022-03-23
John Smith,Male,35.0,Toddtown,hgibbs@example.org,57424.0,Marketing,2020-06-02
Lauren Powers,Male,55.0,,jhendricks@example.org,142360.0,Sales,2024-02-25
Janet Jones,Male,52.0,South William,vgonzalez@example.com,75004.0,Engineering,2022-08-26
Michelle Ballard,Female,32.0,South Jasonburgh,padillajennifer@example.net,113869.0,Engineering,2022-09-22
Chris King,Female,42.0,North Joy,dali@example.net,118652.0,HR,2022-06-18
Veronica Hobbs,Female,54.0,Lake Emily,dfitzgerald@example.org,142755.0,HR,2021-02-04
Jerry Wong,Male,45.0,Lake Christinaton,bennettfrank@example.net,86985.0,Sales,2020-09-18
Jennifer Henson,,,South Antonio,philip90@example.net,80069.0,Marketing,2024-05-04
Barbara Waters,Male,56.0,West Alan,zwheeler@example.org,,Sales,2020-08-06
Shari Daniel,Female,34.0,East Pamela,gpalmer@example.com,138737.0,Sales,
Sarah Knight,Male,56.0,,kristiblankenship@example.org,111061.0,Sales,2022-08-16
Alison Perry,Male,,Crawfordfurt,zcarpenter@example.net,53398.0,Sales,2022-04-16
Jill Watson,Female,,New Amy,hrobinson@example.net,128393.0,Engineering,2023-02-02
,Male,61.0,Perezstad,rachel73@example.com,80861.0,Marketing,2023-04-30
Yvonne Walker,Female,42.0,West Blakefort,hmack@example.org,105897.0,,2021-09-10
Kelli Miller,Female,34.0,Heatherland,,111905.0,Marketing,2020-12-27
Patricia Mason,Female,30.0,West Garytown,nmyers@example.com,,HR,2022-12-19
Nathan Cruz,Male,37.0,East Albertburgh,freemansusan@example.com,95641.0,Sales,2022-07-14
Kimberly Morgan,Male,42.0,Johnfurt,sean71@example.net,39078.0,Engineering,2022-11-14
,Male,21.0,East Kimberly,huffsusan@example.com,55003.0,Marketing,2022-02-07
Teresa Russell,Male,,Angelaside,tammieharris@example.net,,HR,2024-02-27
Madison Rose,Male,20.0,Collinsborough,onichols@example.org,81047.0,HR,2024-05-31
Lindsay Price,Male,58.0,East Christieshire,karenzimmerman@example.net,101626.0,Sales,2021-05-26
Jessica Foster,,62.0,Allenstad,christine72@example.net,87660.0,Marketing,2022-06-15
Timothy Rodriguez,Female,35.0,Richardsonville,savila@example.net,134386.0,Engineering,2023-08-17
Paula Fernandez,Male,64.0,West Meganville,joshuaperez@example.org,79786.0,Sales,2023-07-17
,Female,,South Calvinmouth,wolfdebra@example.com,31925.0,Engineering,2023-10-22
Mark Gallagher,Male,,Juliestad,rachel00@example.org,113976.0,HR,2021-11-16
,Male,39.0,West Stevenland,tinaparker@example.com,135221.0,Engineering,2021-08-11
Taylor Keller,Male,,New Logan,zgibson@example.com,147832.0,,2020-06-01
Katherine Jones,Female,64.0,,charles97@example.com,56015.0,Sales,2023-02-09
Zachary Bonilla,Female,25.0,South Michaelland,,63320.0,Engineering,
Michael Robertson,,57.0,Port Karen,hknight@example.net,94881.0,Sales,2023-06-17
Louis Martin,Female,61.0,Martinmouth,xstephens@example.net,120827.0,HR,2020-03-08
Michelle Taylor,Male,36.0,Port Debbieberg,hwashington@example.com,132215.0,Sales,2020-06-30
Alan Thomas,Female,59.0,New Kristy,dicksondebbie@example.net,56289.0,Sales,2023-12-31
Colin Campbell,,58.0,Lake Jessica,david72@example.org,33389.0,Marketing,2024-06-25
Sydney Callahan,Male,54.0,South Cynthia,,55683.0,Engineering,2024-05-01
Daniel Owen,Female,23.0,,kevin33@example.com,43629.0,HR,2020-05-14
Kyle Thomas,Female,43.0,Jennaland,justinrodriguez@example.com,91550.0,,2023-08-20
Crystal Clements,Female,51.0,Stanleymouth,jason00@example.org,54826.0,,2021-11-13
Matthew Whitehead,Female,,,sharonshields@example.org,130734.0,Marketing,2021-10-19
Cody Ortiz,Female,23.0,New Kimberlyshire,clayallison@example.net,56630.0,Engineering,2020-03-23
Grant Jenkins,,54.0,Port Elizabethfurt,steven96@example.com,128762.0,Sales,
Barbara Stewart,Female,50.0,New Matthewhaven,gjohnson@example.net,76163.0,Engineering,2021-01-21
Chelsea Rojas,,39.0,Kellyland,michaellamb@example.com,128511.0,Marketing,2022-05-18
Ann Garcia,Male,38.0,East Levi,johnsonapril@example.net,,Marketing,2020-05-16
Lawrence Young,Female,23.0,West Richardburgh,,41653.0,HR,2020-07-03
Juan Ortega,Female,23.0,North Julieborough,wilsonjose@example.com,57961.0,Sales,2022-09-14
Laura Ashley,Male,21.0,,willie47@example.com,111941.0,HR,2020-10-23
Mary Rodriguez,Female,47.0,North Suzanne,,104137.0,Marketing,2023-05-16
Christopher Miranda,Male,28.0,West Janiceshire,grahamgina@example.org,63662.0,Engineering,2022-05-08
Jeremy Johnston,Male,47.0,Karenstad,butlercrystal@example.org,128818.0,HR,
Donald Martinez,,48.0,Christopherstad,robinrivera@example.net,86446.0,HR,
,Male,41.0,West Tiffany,adamgonzalez@example.net,,Engineering,2020-04-13
Craig Lee,Male,26.0,Johnsontown,elainejimenez@example.org,125081.0,HR,2020-07-09
,Male,20.0,Chadmouth,mary25@example.com,,Engineering,2024-02-15
Laura Diaz,Male,48.0,North Anna,stephaniehodges@example.org,141562.0,Sales,2024-03-22
Rebecca Vincent,Female,57.0,West Melinda,brubio@example.com,45313.0,,
Brent Harris,Male,54.0,,lowerachel@example.org,110885.0,Sales,2022-01-12
Timothy Le,Female,53.0,Mullenborough,satkinson@example.net,102715.0,Engineering,2023-07-03
,Male,41.0,,millerrenee@example.net,40326.0,,2022-08-21
Eric Matthews,Male,48.0,New Paige,michellesmith@example.net,140091.0,Marketing,
Angel Nguyen MD,Male,23.0,Walkerstad,briannawhite@example.com,31560.0,Sales,
Christina Spencer,Male,19.0,West Christie,james81@example.org,109148.0,Sales,2021-10-22
Megan King DVM,Female,37.0,Emilyshire,blackcheryl@example.org,113186.0,,2023-05-09
,,45.0,Christophermouth,daviddavis@example.com,56745.0,Sales,2020-10-16
Keith Powell,,28.0,Hurstberg,,61890.0,Engineering,2023-12-01
Robert Hale,Male,,Murphyshire,,50022.0,,2023-02-17
Stephen Parker,Female,32.0,,jeffrey16@example.org,82579.0,Marketing,2021-04-26
Sara Hall,Male,23.0,East Fred,mschmidt@example.com,100316.0,HR,2023-01-23
Amy Burton,Male,,Port Tiffanyberg,psmith@example.org,113847.0,Engineering,2020-12-12
Whitney Mccullough,Male,55.0,Alanborough,ppeters@example.net,58380.0,Sales,2022-05-05
Alice Johnson,Female,19.0,North Ericastad,xhansen@example.org,140198.0,HR,2021-12-20
Michael Roy,Female,32.0,South Albertshire,wilsonbonnie@example.org,32356.0,HR,2023-04-07
Jesse Avila,Female,28.0,Codyton,christopherfoley@example.com,,Engineering,2020-10-03
Ricky Johnson,Male,25.0,Natalieton,robert40@example.net,122447.0,Engineering,2023-01-17
,Male,43.0,Port Cristian,obowman@example.org,144994.0,HR,2021-01-15
Ann Harvey,Female,62.0,Boltonmouth,jimmykeith@example.org,119899.0,HR,2020-09-28
David Torres,Female,61.0,Amberbury,,50049.0,,2024-02-16
Ruth Bean,Female,22.0,Port Christopherview,hojohn@example.org,105717.0,Sales,2022-05-31
Dave Gibson,Female,23.0,Ericbury,chadgonzalez@example.com,135361.0,Marketing,2022-05-17
Valerie Brown,Male,43.0,New Michelle,loriclark@example.net,46082.0,Engineering,2022-05-24
Eddie Jones,Female,21.0,,robert83@example.net,30661.0,Marketing,2020-07-15
Dr. Erin Hodge,Male,36.0,Stanleymouth,carlcortez@example.net,67412.0,Marketing,2021-12-14
Jose Maxwell,Female,37.0,West Scott,derek04@example.org,144015.0,Marketing,2021-09-12
Dawn Huang,Male,50.0,,jeremybowers@example.net,32920.0,Marketing,2022-11-06
Amanda Smith,Female,37.0,,kendra87@example.com,121194.0,Sales,2023-04-23
Mrs. Christine Ward,Female,29.0,Reginaldmouth,michelle01@example.org,144306.0,Sales,2020-03-03
,Female,64.0,Phillipsville,jillcarr@example.org,90315.0,HR,2021-06-22
Michael Bender,Female,18.0,New Kellyland,johnsonstephen@example.org,109561.0,Engineering,2023-03-23
James Lopez,Male,43.0,Jimshire,larias@example.org,38946.0,Marketing,
,Female,31.0,Ramireztown,brianmartin@example.org,124242.0,HR,2023-06-16
Lori Mccarthy,Male,55.0,Travisport,romerojonathan@example.net,75500.0,HR,2023-04-17
Mercedes Jones,,54.0,New Heidibury,qcrosby@example.net,134540.0,HR,2021-03-10
Alexander Hernandez,,28.0,,nicole23@example.com,46309.0,,2021-01-14
,Male,53.0,Burnettberg,qkelly@example.net,85230.0,Marketing,2021-01-30
Vanessa Brewer,Female,30.0,Lake Davidmouth,john13@example.org,141822.0,Marketing,2023-05-29
Charles Hernandez,Male,60.0,West Heathermouth,kevin07@example.net,128656.0,,2022-03-01
Jay Zuniga,Male,20.0,East Aaron,wigginsryan@example.com,60027.0,Marketing,2021-01-20
James White,,50.0,Michaelhaven,cbrooks@example.com,102541.0,Marketing,2023-08-17
Amber Rasmussen,Female,23.0,South Andres,acarter@example.net,,,2020-10-14
Michelle Nichols,Female,,Christopherstad,miguelmolina@example.com,144846.0,Engineering,2023-12-26
Angela Peters,Female,22.0,Gracechester,todd13@example.com,,Marketing,2022-09-10
,,40.0,New Christopher,lydiawest@example.com,30956.0,Sales,2021-08-09
Connie Clark,,27.0,Lawsonville,howewendy@example.net,130375.0,Marketing,2024-01-16
Richard Gibson,Male,61.0,,,104131.0,HR,2023-04-20
Andrea Mathews,Female,19.0,Kaitlynland,marcovazquez@example.org,77908.0,Sales,2021-08-01
Joseph Williams,Male,,South Kevinview,,108339.0,HR,2021-12-28
Brandi Jacobs,Male,57.0,South Madisonfort,lewislance@example.com,55963.0,Marketing,2021-08-31
Daniel Mcdonald,Male,19.0,Thompsonstad,,131757.0,Sales,2022-11-29
Christopher Schultz,Female,37.0,Aaronburgh,chad02@example.net,69443.0,Engineering,2023-09-24
Adrian Jenkins,Female,18.0,East Mary,,129259.0,Engineering,2020-10-23
Stacey Moore,Male,54.0,Michaelland,heatherthompson@example.org,69063.0,Sales,2023-03-26
Cassidy Fleming,,26.0,Tiffanystad,huntermartin@example.org,144225.0,Sales,2020-11-17
,Female,34.0,South Reneemouth,ashley48@example.net,146400.0,HR,
,Female,26.0,Christophershire,millerroberta@example.com,110818.0,Sales,2021-10-04
Kari Weber,Female,28.0,Port Theresa,scottgrant@example.org,34703.0,HR,2024-07-06
Jillian Potter,Female,32.0,New Christopherburgh,flewis@example.net,95128.0,Marketing,2023-02-14
,Male,41.0,Gilbertborough,williamssusan@example.org,102099.0,,2020-03-11
Adam Miller,Female,55.0,Riosbury,,55849.0,Sales,2023-03-04
Karen Guerra,Male,52.0,Elizabethfurt,garyhernandez@example.com,61860.0,Sales,
Amber Hall,Male,47.0,West Samantha,udeleon@example.org,61585.0,Marketing,
Ronald Robinson,Female,48.0,North Amanda,nleblanc@example.com,,Sales,2023-12-14
Paula Lyons,Male,22.0,North Tiffanyshire,,107539.0,Sales,2023-02-12
Steven Martinez,Male,61.0,Jamesville,omartinez@example.com,73585.0,Engineering,2020-01-06
Richard Brown,Male,31.0,Port Maryborough,mackenzie33@example.com,,Engineering,2022-04-06
Kristina Lopez,Female,,South Kevin,watsonashley@example.com,56017.0,Marketing,2023-01-20
Tina Harris,Female,26.0,East Stephanieton,michaelgomez@example.org,106707.0,HR,2023-01-08
Brandy Barber,Male,51.0,Jamestown,qbarker@example.com,75350.0,Engineering,2024-06-25
Nicholas Bean,Female,29.0,Lake Christinaton,brittany03@example.com,42201.0,HR,2021-03-30
Elizabeth Snow,Female,52.0,Klineport,katie05@example.org,,Sales,2022-08-02
Juan Flores,Female,52.0,East Karenbury,patrickelizabeth@example.net,47778.0,Engineering,2024-07-15
Tammy Lopez,Female,18.0,Shannonmouth,sarahwolf@example.org,75241.0,Marketing,2021-11-20
Natalie Parker,Male,57.0,Port Sandraville,ramirezedward@example.org,72229.0,Marketing,2022-04-17
Tammy Reid,,39.0,North Deborahhaven,,116652.0,Marketing,2023-03-15
Patrick Tucker,Female,46.0,North Alicia,bettynelson@example.org,148402.0,Engineering,2021-10-21
Brian Harrison,Female,,Vincentland,mburton@example.net,78364.0,HR,2020-06-17
,Male,28.0,East Haley,kmurphy@example.com,128833.0,Sales,2022-12-28
Matthew Ryan,Male,58.0,Marvinhaven,vgonzales@example.org,114878.0,HR,2020-01-21
Joseph Fields,Female,54.0,Paulland,penningtonsonya@example.net,87056.0,HR,2020-04-19
Cynthia Christian,Male,31.0,Lake Markstad,denisemcknight@example.com,57490.0,Sales,2021-12-28
Margaret Peterson,Female,47.0,Smithchester,michaelmalone@example.com,49975.0,Sales,2024-06-01
Michael Black MD,Female,52.0,Nicholasland,keithgarner@example.net,56723.0,Engineering,2020-11-24
Karen Mullins,Male,38.0,,nicolegilbert@example.com,53279.0,Engineering,2023-10-20
Alex Cohen,Male,54.0,South Christianville,icox@example.org,108301.0,Engineering,2022-01-10
Jasmine Castro,Female,22.0,Scottmouth,imorris@example.org,,Engineering,2022-08-17
Katherine Gardner,Female,36.0,Stevensstad,jamie03@example.com,41561.0,Engineering,2024-01-26
Samantha Perez,Male,31.0,Prestonmouth,,137435.0,Sales,2020-10-27
Tyler Brown,Female,43.0,Jefferymouth,jamesbrady@example.net,96061.0,HR,2020-05-20
Haley Phillips,Male,21.0,New Denisefort,amanda89@example.net,118397.0,Engineering,2024-01-29
James Ortiz,Female,,North Jessicabury,matthewgonzalez@example.net,79153.0,Engineering,2020-08-03
,Male,62.0,Lake Justin,rebeccakelley@example.com,63142.0,HR,2020-08-21
Daniel Pugh,Male,59.0,Hamiltonfurt,khernandez@example.com,,Engineering,2020-10-09
Allen Harris,Male,42.0,Johnshire,,94324.0,,2021-09-17
Thomas Boyer,Female,35.0,North Deborahland,shafferevan@example.net,74965.0,,
Vincent Newton,,57.0,East Jameshaven,donald05@example.net,34648.0,Sales,2021-05-27
Taylor Woods,Male,25.0,West Justintown,,65133.0,Marketing,2020-07-14
Tracey Thompson,Female,56.0,Joseton,xsutton@example.com,80677.0,Sales,2023-07-25
Tonya Baird,Male,57.0,Peterville,powersrebecca@example.com,126059.0,,2022-01-24
Chris Walker,Male,31.0,Oscartown,courtney87@example.org,,Marketing,2021-08-14
Max Hensley,Female,49.0,North Michael,jesse15@example.net,129950.0,Marketing,2024-07-09
Carrie Cobb,Female,55.0,North Jennifertown,iday@example.org,128317.0,Engineering,2021-01-26
,,50.0,South Brandonside,jeffrey88@example.com,100135.0,Sales,2020-08-11
Anna Hill,Female,,Michaelshire,brandon81@example.com,65046.0,Marketing,2024-02-05
Carmen Baker,Female,,Theresamouth,paul09@example.org,77064.0,,2023-09-13
Joshua Price,Male,50.0,,snyderedward@example.com,131459.0,Engineering,2023-09-19
Angela Taylor,Male,42.0,,,136625.0,Sales,
David Lowe,Female,,South Jamie,rachel63@example.org,,Marketing,
Brett Wolf,Male,50.0,West Alexisport,mary93@example.com,75893.0,HR,
Jason Horn,Male,64.0,Morrisview,donna81@example.net,,Sales,2022-03-21
Albert Phillips,Female,19.0,South Virginiabury,petersonerik@example.net,91272.0,Sales,2024-02-07
David Graham,Male,,East Jennifermouth,timothy76@example.org,122152.0,Engineering,2022-09-26
Perry Long,Male,57.0,Frychester,brianmoore@example.com,97649.0,Sales,2020-12-11
Jennifer Adams,Female,57.0,East Breannaville,jacobsangela@example.com,94674.0,Engineering,2021-02-24
Jessica Austin,Female,56.0,New Bradleychester,katie16@example.org,,Marketing,2022-07-19
Robert Weber,Male,,South Suzanneshire,nicolepierce@example.org,138542.0,Engineering,2021-06-24
William Benson,Male,23.0,Brownstad,deborahpark@example.com,43760.0,,2020-06-18
Gabriel Mcdaniel,Female,20.0,,andrewfleming@example.org,51927.0,Engineering,
,Female,24.0,Peckland,cynthiaorozco@example.net,116475.0,HR,
Jennifer Maldonado,Female,25.0,Samuelview,xrodriguez@example.com,91367.0,,2022-06-29
,,59.0,Port Tracey,donald28@example.net,127955.0,,2020-02-28
Laura King,Male,32.0,North Gabriel,jonathanmcbride@example.net,,,2020-06-07
Amy Flores MD,Female,64.0,Markville,,,HR,2020-06-30
Erin Neal,Female,46.0,New Victoriaton,munozryan@example.com,134734.0,Engineering,
Barbara Pierce,Male,50.0,Roweville,gmartin@example.net,148154.0,Engineering,2021-02-01
Henry Valencia,Female,47.0,East Robin,pwright@example.com,82233.0,Engineering,2020-10-21
James James,Male,56.0,Graytown,dpena@example.net,74738.0,Sales,2020-10-04
,Female,44.0,South Nathanville,wmorris@example.net,63397.0,Sales,2021-06-11
Kimberly Williams,Female,53.0,Port Sallytown,mary67@example.net,112189.0,HR,2020-12-09
Cynthia Brown,,46.0,Johnburgh,,106367.0,HR,2023-10-09
Monica Stewart,Male,55.0,West Rose,kthomas@example.org,101260.0,Sales,2024-05-14
Crystal Reed,Male,50.0,Lake Rachelhaven,vaughnemily@example.net,106619.0,HR,2021-09-16
Sylvia Hughes,Female,54.0,Taylorside,,141453.0,Marketing,2022-02-24
Tonya Turner,Male,44.0,Frankstad,smithkelly@example.org,49816.0,Marketing,2020-02-15
Sarah Boyd,Male,50.0,Olivermouth,michellejackson@example.com,72240.0,Sales,2023-09-15
Alexandra Nguyen,Male,21.0,Lake Ronaldside,taylor58@example.net,36276.0,HR,2021-04-27
Kimberly Thompson,Male,39.0,Sallytown,hmelton@example.net,143939.0,Engineering,2020-11-25
,Male,,New Nicholas,wilkinsonamber@example.org,134199.0,,2021-04-23
Donna Wilson,Male,27.0,Port Danielleview,amy17@example.org,109530.0,Sales,2023-09-24
Kayla Smith,Female,22.0,,brandonjohnson@example.net,53499.0,HR,2021-11-05
Rachel Barber,Female,,New Joy,qwallace@example.net,118576.0,Sales,
Carmen Young,Male,50.0,South Ashley,,138856.0,Engineering,2022-08-06
Ronald Barnes,Female,,Lake Derekburgh,psmith@example.net,,Marketing,2021-08-09
Tiffany Velasquez,Female,,Meyersberg,jacksonmelissa@example.org,101635.0,Sales,2023-08-07
Veronica Fisher,Female,48.0,,morganhicks@example.com,137803.0,Sales,
Patricia Berger,Female,64.0,Hendersonmouth,guerreromargaret@example.com,115112.0,Sales,
Brian Baker,Male,53.0,Lindaview,cmiller@example.com,65946.0,Engineering,2021-01-18
James Thomas,Female,62.0,Coxside,jcastillo@example.com,85204.0,Sales,2021-06-11
Valerie Brown,,41.0,Guzmanborough,briankelly@example.org,81886.0,Engineering,2023-08-30
Christina Martinez,Male,32.0,Jeremyside,cruzelizabeth@example.org,101652.0,Engineering,2021-01-27
Traci Hale,Male,46.0,West Jake,havila@example.org,45563.0,Engineering,2022-01-05
Kari Salinas,Female,25.0,Jamesville,nortontyler@example.org,122324.0,Marketing,2023-04-28
Phillip Alvarado,Female,22.0,Port Lauren,patricia24@example.net,122464.0,Marketing,2022-10-05
Yvonne Hull,Female,46.0,Lake Jose,hwilliams@example.org,131872.0,,2020-08-25
Timothy Grant,Female,64.0,West Courtney,rhonda80@example.com,39847.0,,2020-11-02
Tammy Miranda,Female,21.0,East Isabellaville,lisastewart@example.net,56155.0,Marketing,2020-09-02
,Female,29.0,Gonzaleshaven,james77@example.org,109671.0,HR,2020-10-17
Christopher Mcdaniel,Male,62.0,West Beth,karina05@example.net,146891.0,Marketing,2023-07-07
Michael Frank,Female,19.0,West Teresahaven,cynthiasmith@example.net,113310.0,Engineering,2020-11-30
Allen Green,Female,,,hernandezmartin@example.com,97278.0,Marketing,2022-06-13
Neil Thomas,Male,48.0,Hobbsport,weberkent@example.com,,Engineering,
Michael Aguirre,,53.0,Butlermouth,tommy81@example.org,30619.0,Sales,2022-07-05
Steven Austin,Male,53.0,Lake Nancy,audrey50@example.com,113194.0,HR,
Dr. Julia Sanchez DDS,Male,43.0,Bowmanbury,,80108.0,Sales,2022-12-28
,Female,60.0,North Josephborough,valenciabenjamin@example.org,64707.0,Engineering,2022-06-07
Carolyn Atkinson,Female,44.0,Maureenfort,lbarnes@example.com,50337.0,Engineering,2022-10-08
Victoria Washington,Female,22.0,Joshuachester,jonesjill@example.com,111537.0,Engineering,2023-09-15
Sabrina Salazar DVM,Female,37.0,Sarahton,stevendickerson@example.net,,HR,2024-07-12
Natalie Anderson,,28.0,Crystalfort,lanenathan@example.com,77614.0,Marketing,2020-09-01
Leah Hughes,Female,27.0,Lake David,sandrawagner@example.net,121428.0,Sales,2022-04-12
Teresa Taylor,Male,57.0,,padillajeffery@example.com,121155.0,,2024-01-04
Amber Griffin,Female,55.0,Milesland,ocolon@example.com,30281.0,Marketing,
Deanna Owens,Male,23.0,New Raymond,jeromesanchez@example.net,57420.0,Sales,2023-02-22
Tiffany Hodges,Male,,Port Tonyberg,katelynfloyd@example.com,110896.0,HR,2023-05-28
Jose Hernandez,Female,40.0,Cynthiaburgh,bennettandrea@example.com,,Sales,2022-02-09
Mrs. Sharon Horn MD,Male,64.0,Longfurt,mary82@example.com,31058.0,Engineering,2020-04-09
Mr. Douglas Ware,Female,43.0,South Laura,christopherhill@example.org,116213.0,Marketing,
Donna Welch,Male,63.0,Bryanville,chayes@example.net,106260.0,HR,2023-03-01
Kayla Cunningham,Female,60.0,Victorborough,benjamin01@example.org,58404.0,Marketing,
Chad Phillips,Male,29.0,Annafort,mary55@example.net,133482.0,HR,2020-05-12
Megan Lin,Female,43.0,New Roberto,vegachristopher@example.com,135284.0,Engineering,2023-01-07
Stephen Carlson,Female,,Sharonport,xlee@example.org,59856.0,,2023-11-10
Terry Rodriguez,Female,57.0,Jeremyberg,yolandapeters@example.net,,,2020-11-11
John Jacobs,Female,35.0,Matthewborough,alexandragrimes@example.net,94178.0,HR,2020-03-27
Dana Meyer,,42.0,Matthewport,joshuablackwell@example.com,63997.0,Marketing,2023-12-14
,Male,50.0,Fletcherville,shawjennifer@example.org,55611.0,Sales,2021-02-08
Joseph Howell,Male,,Mercertown,mariacalhoun@example.com,149273.0,Marketing,2022-09-05
Terrence Butler,Male,57.0,East Adam,kimberlygilbert@example.org,71235.0,Marketing,2022-11-14
Theresa Gonzalez,Female,60.0,New Thomas,,147428.0,Marketing,2023-09-26
Rebecca Oneill,Male,29.0,South Taraview,debbiecalhoun@example.net,65057.0,HR,
Erik Davis,Female,,Port Timothyview,jenny00@example.org,,Sales,2022-08-15
Alexander Cummings,Female,53.0,North Melissa,durhammonica@example.org,133674.0,Engineering,2021-03-22
Joseph Simmons,Male,21.0,South Stevenberg,michellepowell@example.org,144474.0,HR,2021-02-03
Adrienne Hernandez,Male,22.0,Amberberg,kelseyberger@example.org,95661.0,HR,2023-04-27
Ms. Darlene Burns,Female,54.0,,kristina87@example.org,75272.0,HR,2024-04-22
Ernest Weber,Male,25.0,New Joshuafurt,russelltorres@example.org,119393.0,Engineering,2021-03-27
Nicole Cunningham,Female,59.0,East Steventon,,91212.0,Sales,
Melissa Mcclure MD,Female,,Thompsonmouth,martinezsharon@example.com,45398.0,,2023-05-18
Anna Clark,Female,48.0,Michellestad,anthony45@example.net,86503.0,Sales,2021-05-06
Jo Norris,Female,26.0,Montgomerystad,chelsea75@example.com,36638.0,Marketing,
Anthony Rocha,Female,46.0,Robertaton,barnettkaren@example.com,36570.0,Marketing,2022-04-30
Jennifer Powell,Male,31.0,East Marytown,fsparks@example.com,98785.0,Marketing,2024-06-08
Micheal Thompson,Male,57.0,East Johnton,hcarter@example.com,39110.0,Engineering,2022-05-12
Danielle Hunt,Female,58.0,Lake Dustin,kimberlyreynolds@example.org,135899.0,,2023-12-16
Connie Beard,Female,39.0,,omarmonroe@example.org,109141.0,Engineering,2021-01-31
Tiffany Hernandez,Male,28.0,Millershire,stephanielindsey@example.net,42115.0,,2020-06-04
,Male,40.0,Lake Natalie,moniquethompson@example.org,69062.0,Marketing,2023-09-09
Jesus Anderson,Female,18.0,New Dawnfurt,craig95@example.org,52911.0,Marketing,2023-02-02
Cynthia Jones,Male,63.0,West Patricia,knash@example.net,134061.0,HR,2021-10-04
Richard Wang,Female,54.0,Stevensonchester,john60@example.net,,,2024-01-03
Donald Odonnell,Male,38.0,Watkinsberg,rushkathleen@example.net,108131.0,Sales,2020-06-12
Brandi Knox,Female,43.0,East Charlesfort,dmcdowell@example.net,31969.0,HR,2020-03-24
Nathan Vaughan DVM,Male,63.0,Port Darrenhaven,pachecomatthew@example.net,73753.0,HR,2022-04-20
Paul Lindsey,Female,53.0,West Brandonstad,zhill@example.org,112811.0,Sales,2020-12-08
Jon Green,Male,40.0,Snyderburgh,rowens@example.net,34470.0,HR,2020-02-04
Dr. Jessica Nguyen,Male,18.0,New Cameron,lancevasquez@example.org,40225.0,Engineering,2020-03-19
Pamela Morris,Female,57.0,Oliverfort,hamiltonlisa@example.org,,Engineering,2021-08-14
Monique Chen,Male,32.0,,chelseaesparza@example.org,137510.0,Marketing,2020-08-04
Felicia Bautista,,38.0,Brownborough,joseclark@example.net,138295.0,HR,2020-10-17
Terry Olson,Male,64.0,West Aaronmouth,,53196.0,Marketing,2024-03-06
David Lewis,Female,26.0,Muellerbury,miguelwilliams@example.net,135823.0,HR,2021-09-12
Amy Sanders,Male,26.0,,kfisher@example.com,,Engineering,2020-05-20
Mark Mitchell,,27.0,Lake Kimberly,,67380.0,,2020-11-28
Norma Jones,Male,43.0,,rnunez@example.com,,Engineering,2020-08-15
,Female,58.0,Jasonburgh,andersonkristin@example.com,145886.0,,2021-09-16
Carlos Miller,,52.0,Villanuevatown,duncanlisa@example.com,78320.0,Engineering,2023-05-24
Stephanie Haney,Female,42.0,Laurenview,ashley48@example.net,77414.0,HR,2024-04-02
,Female,43.0,Christopherfort,fparker@example.net,,Marketing,2023-06-02
Richard Baker,Female,28.0,Atkinschester,gherrera@example.com,45577.0,HR,2022-09-09
Elizabeth Guerrero,Male,55.0,Port Melissamouth,,118009.0,Marketing,
Rose Spears,Female,19.0,Brownview,kimberly91@example.net,85409.0,HR,2022-02-14
Timothy Donaldson,Male,24.0,Ronaldstad,tandrews@example.net,58625.0,Marketing,2021-08-27
Derrick Fernandez,Female,,Jeremychester,rachelpeterson@example.com,111040.0,Engineering,2020-06-05
Katherine Romero,Male,44.0,Josephstad,laurie77@example.net,54089.0,Marketing,2023-05-15
Heather Davis,Female,51.0,Lake Michael,,66487.0,Engineering,2023-03-12
Brent Torres,Male,44.0,West Christophermouth,kimberlybernard@example.net,95838.0,Engineering,2020-04-16
,Male,34.0,Walshview,,126999.0,Marketing,2021-10-03
Crystal Morrison,Female,60.0,Lake Kimberly,johnnorman@example.net,140448.0,HR,2022-05-15
Sandra Patel,,61.0,Port Roberttown,mitchell16@example.com,124795.0,HR,2022-08-22
Victor Moore,Male,41.0,Kellyfurt,katherine32@example.net,,Sales,2022-09-22
Andrea Williams,Female,42.0,Port Matthewmouth,evansbriana@example.net,72823.0,HR,2024-03-11
Robert Mcbride,Male,24.0,West Sara,hillangela@example.org,67208.0,Sales,2021-04-04
April Byrd,Male,23.0,Simpsonburgh,sandovaljacob@example.net,84061.0,HR,2024-07-19
John Berry,Male,41.0,Kimberlyland,rtucker@example.org,60659.0,HR,2022-01-09
Lisa Martin,Female,50.0,Vanessamouth,,131376.0,Engineering,2022-07-05
Carlos Burns,Male,46.0,New Kristen,fjenkins@example.org,61890.0,Sales,2021-07-21
Scott Mathews,Female,60.0,Petertown,,109134.0,HR,2023-09-28
Benjamin Walker,Male,39.0,Clarkmouth,aunderwood@example.org,77055.0,Sales,2024-01-09
Timothy Peters,,,North Jamie,,142269.0,Engineering,2021-05-07
James Bautista,Male,45.0,Mendozaview,irobbins@example.org,49508.0,Engineering,2020-07-22
Wayne Mckinney,Female,38.0,South Frank,sean60@example.org,72287.0,Sales,2020-06-09
Erin Osborn,Male,24.0,,susanwilliams@example.org,108916.0,Engineering,2020-09-06
Devin Anderson,Male,34.0,East Thomas,smithkeith@example.org,56984.0,Marketing,2022-01-18
Marie Wright,Female,37.0,Hillville,bauerdanny@example.net,140169.0,Marketing,2022-06-02
Michael Raymond,Male,,East Rebecca,andrew00@example.com,38125.0,Engineering,2021-04-07
Nancy Erickson MD,Female,37.0,Murrayland,adamssteven@example.org,66059.0,Marketing,2022-01-18
,Female,39.0,Edwardville,slee@example.net,99569.0,HR,2020-03-27
Mark Wilson,Male,45.0,South Danielle,andrewguerrero@example.com,133409.0,Sales,2022-02-22
,Female,57.0,South Tammytown,jamie73@example.net,47087.0,HR,2020-01-29
Alexis Moreno,Male,24.0,Tammytown,andrea14@example.org,136437.0,Sales,2023-02-04
Maria Stevens MD,Female,18.0,Gailfort,carlsonanthony@example.net,145262.0,Engineering,2024-01-29
Rachel Reese,Female,49.0,Kevinmouth,michaelmcdonald@example.com,35704.0,,2022-12-27
Laura Blair,Male,30.0,Joshuamouth,elizabethfrederick@example.net,90576.0,Engineering,2022-01-24
Shelby Mcgee,Female,47.0,,torresleslie@example.com,103384.0,Engineering,
Gerald Webb,Female,40.0,East Timothybury,kstevens@example.org,117128.0,Sales,
Tiffany Williams,Female,,Kellerfort,victoriaross@example.com,141279.0,Sales,2020-12-31
Kelly Keith,Female,49.0,Sanchezbury,karen44@example.com,102460.0,Sales,2020-05-10
Cory Lopez,Female,47.0,Lake Sheri,amyroberts@example.net,57208.0,,2023-09-20
James Barker,Male,46.0,Ryantown,joe20@example.net,148516.0,Marketing,2020-07-18
,Female,62.0,Montgomeryfurt,shirleyking@example.net,115150.0,Sales,2022-04-15
Kathleen Price,Male,46.0,Wolfmouth,vjohnson@example.org,96024.0,Sales,2024-01-23
Austin Hahn,Female,47.0,Padillachester,paulamorrow@example.net,,HR,2022-01-24
,Male,33.0,Lake Nicholas,catkinson@example.net,55923.0,Sales,
Michael Nguyen,,57.0,Port Brianville,sandersashley@example.com,144044.0,HR,
Angela Morris,Female,36.0,Smithburgh,pphillips@example.com,131477.0,,2020-01-30
Sharon Peterson,Female,35.0,,michael17@example.org,59165.0,Sales,2021-07-19
Tina Randolph,Female,18.0,Briannaberg,ryan11@example.org,97203.0,Sales,
Karen Rich,,,East Shellystad,xmueller@example.org,121749.0,Engineering,
,Female,64.0,,james70@example.org,34114.0,Engineering,2020-12-13
Lori Rivas,Male,19.0,Andrewton,wilkersonmatthew@example.net,94965.0,Engineering,2021-02-20
Tiffany Harrell,Male,45.0,Gailhaven,hberger@example.net,66321.0,Sales,2022-01-11
Gary Jackson,Male,47.0,Mosstown,travis91@example.com,,Marketing,2020-09-14
,Female,55.0,Arellanoport,,126652.0,Marketing,2024-07-17
Mary Williams,Female,21.0,Lake Philip,matthewjohnson@example.com,129304.0,Marketing,2021-02-11
Melissa Adams,Male,18.0,West Valerie,armstrongjose@example.org,143942.0,Sales,2023-11-06
Cheryl Bates,Male,25.0,,hudsonrenee@example.org,55426.0,,2020-04-09
Alexandria Roberts MD,Female,46.0,Huynhchester,williamsmary@example.com,47772.0,Sales,2023-11-09
Carla Flynn,Male,56.0,Noahview,louis88@example.org,133754.0,Engineering,2024-01-21
Jennifer White,Female,20.0,Kayleeview,christopher82@example.org,33712.0,,2021-01-29
Christine Bullock,Male,49.0,New Misty,michael99@example.com,31367.0,Sales,2021-06-08
Danielle Jackson,Female,27.0,,wagnerjohn@example.org,,Engineering,2020-08-11
Angela Price,Male,27.0,Walkerton,vjackson@example.com,137317.0,Marketing,2020-12-17
,Female,36.0,New Stephanieshire,edwardhubbard@example.net,145142.0,Engineering,2023-12-17
Michael Hall,Male,63.0,Juliachester,brittanydelgado@example.net,121736.0,,2024-04-14
Alan Burke,Female,51.0,,boydnicholas@example.net,81924.0,HR,2022-11-05
Geoffrey Kaufman,Female,50.0,Bowmanhaven,deborahbishop@example.com,,Engineering,2020-09-24
Kimberly Bray,Male,40.0,Lake Allisonstad,mary56@example.net,,,2023-10-12
Alison Robertson,Male,45.0,South Mark,hojohn@example.org,57723.0,HR,2020-03-30
Julie Cabrera,Female,49.0,Huberton,robert38@example.net,133110.0,HR,2020-09-13
Brenda West,Male,24.0,,cassandramurphy@example.net,130494.0,Sales,2024-04-09
Pamela Barker,,,Port Morganfurt,dduffy@example.org,39108.0,Sales,2023-08-26
Kylie Dickerson,Male,25.0,North Philipville,perryanthony@example.org,107714.0,Marketing,2020-08-07
Keith Callahan,Female,18.0,Melaniechester,richard37@example.com,65643.0,Sales,
Susan White,Female,20.0,North Davidchester,butlercharles@example.com,61324.0,Engineering,2020-06-14
Sarah Clark,Female,41.0,Lake Manuel,nicole70@example.com,133896.0,Engineering,2023-12-24
Kimberly Morris,Female,40.0,New Kimberly,chadstephenson@example.com,113360.0,Marketing,2021-11-11
Olivia Durham,Female,25.0,New Michael,guerrerobenjamin@example.com,140896.0,HR,2021-03-20
Jacob Harrison,Female,64.0,,jjohnson@example.com,38927.0,HR,2021-02-10
Taylor Morrison,Male,54.0,New Andrea,ashley69@example.com,123680.0,Sales,2022-07-16
Monica Bartlett,Male,20.0,Ashleyport,xjohnson@example.net,126546.0,Engineering,2024-05-09
Jared Richardson,,50.0,,julian71@example.net,52443.0,HR,2021-05-05
Amy Sanchez,Female,45.0,Gonzalezville,sharonbates@example.com,109973.0,Marketing,
Robert Martin,Female,64.0,Granthaven,,93449.0,Marketing,2023-10-13
,Female,25.0,Joshuaton,peggygreen@example.net,139834.0,,2020-07-30
Christina Swanson,Female,51.0,Lake Mark,shawnamckinney@example.net,135314.0,,2024-06-26
Jessica Rivas,Male,52.0,,ashley91@example.org,106743.0,Marketing,2020-05-25
James Jones,Male,49.0,Lamview,jacob55@example.org,90233.0,Engineering,2020-02-05
Anthony Pena,Female,41.0,Port Lisa,,55537.0,Sales,2022-05-18
Jennifer Moreno,,31.0,New Stevenfurt,richardmann@example.net,131293.0,Sales,2020-01-13
Samuel Garcia,Male,49.0,Tracyfort,matthew66@example.org,107576.0,Marketing,2021-02-19
Marie Grimes,Female,63.0,South Jennifer,jameshamilton@example.net,137522.0,Sales,2023-12-13
Don Torres,Male,60.0,Bruceside,melissa11@example.net,52612.0,Sales,2020-06-28
Alan Rivera,Female,33.0,Fisherport,thompsoncatherine@example.org,123977.0,Marketing,2022-08-12
Steven Schroeder,,21.0,South Stephaniestad,sgonzalez@example.net,36471.0,Sales,2024-02-20
Cheryl Mora,Female,54.0,Owenshaven,,65631.0,Marketing,
Elizabeth Peterson,Female,38.0,Cannonchester,manuel68@example.net,138997.0,HR,2024-02-21
Corey Perkins,Female,31.0,West Danielleshire,lewislisa@example.net,122059.0,Engineering,2023-02-23
Brandon Brown,,48.0,Rodriguezstad,rebecca51@example.net,61348.0,Engineering,2024-06-18
Patricia Norris,Male,35.0,Moralesland,,94732.0,Sales,2023-10-01
Erin Sutton,Female,24.0,West Darrell,nancybaldwin@example.org,31177.0,Sales,2022-01-19
Christopher Gonzales,Female,27.0,Colemanville,jillsantiago@example.org,34760.0,Sales,2022-08-30
Regina Wilson,Female,24.0,Bushberg,gregory11@example.net,62779.0,Engineering,2021-12-01
,Male,50.0,Brianmouth,scott35@example.net,51636.0,HR,2023-11-05
Juan Floyd,Female,40.0,South Bethborough,victoriaroy@example.com,,HR,2022-08-21
Thomas Hall,Male,38.0,South Timothyborough,jameswarren@example.net,83551.0,Engineering,2023-08-04
,Female,36.0,North Nicole,operry@example.org,41556.0,HR,2020-03-10
Chad Bowen,Male,36.0,North Catherinebury,daniellee@example.org,57598.0,,2024-02-18
Paula Guerra,Male,53.0,North Kristina,robertsonjames@example.org,41563.0,HR,2021-06-23
Cheryl Montgomery,Female,46.0,Jamesfurt,emiller@example.net,76819.0,Marketing,2024-01-26
Jeff Le,Male,35.0,,stephanie07@example.com,139326.0,Marketing,2020-08-19
Keith Gordon,,19.0,North Jennifer,nrice@example.com,103770.0,Engineering,2024-05-11
Danielle Wallace,Female,18.0,Port Cynthia,kristinafriedman@example.org,121055.0,HR,2022-06-21
Ashley Thomas,Female,64.0,,casegregory@example.org,56966.0,Sales,2020-06-07
Erika Aguirre,Male,,West Grant,joshuagarcia@example.net,111709.0,HR,2022-11-07
Christopher Norris,Male,,Taylormouth,katherinepratt@example.net,89889.0,Marketing,
,,28.0,Campbellport,katherine39@example.net,56987.0,Marketing,
,Female,59.0,Lake Stephaniefort,wdaniels@example.net,108714.0,HR,2020-06-14
Jacqueline Martinez,,19.0,,apham@example.net,134874.0,HR,2023-05-03
Victor Hanna,Female,20.0,Port Emilyberg,stephaniecole@example.com,88348.0,,2020-03-18
Sheryl Moyer DDS,Female,40.0,Toddton,danielle17@example.net,54596.0,Sales,2022-12-05
David Shaw,,29.0,South Chelsea,dennishernandez@example.org,63174.0,HR,2022-05-09
Anthony Shannon,Male,37.0,Hallbury,wrose@example.org,94106.0,HR,2020-01-30
,Male,22.0,West Robin,shawnkoch@example.com,137510.0,HR,2020-05-15
Regina Cross,Male,54.0,North Keithberg,mcgeelaura@example.com,,HR,
Gabriela Gibson,Female,55.0,Schroederview,,89182.0,Engineering,2020-08-17
Jennifer Perez,,47.0,South Amanda,kyle44@example.com,123300.0,HR,2022-03-06
David Morgan,Female,26.0,Parkerport,alan14@example.com,117163.0,,2020-06-24
Mary Mason,Male,51.0,South Stacie,cstark@example.net,69310.0,Marketing,2024-03-14
Sarah Smith,Female,61.0,,ashleygarcia@example.net,86088.0,Engineering,2023-12-05
Justin Swanson,Female,52.0,Reedfurt,braytimothy@example.net,38906.0,,2022-06-04
Tanner Munoz,Female,39.0,Isaiahmouth,,66914.0,Marketing,2023-04-24
Jacob Smith,Female,61.0,Browntown,nicole39@example.com,140350.0,Engineering,2021-03-22
John Phillips,Male,41.0,South Christophermouth,amber71@example.org,75379.0,,2021-04-10
Linda Brown,Male,34.0,,,108612.0,HR,2021-01-12
Adam Collins,Female,27.0,North Justinborough,leroy35@example.net,144828.0,HR,2023-03-05
Shawn Edwards,Male,47.0,Shannonchester,quinnjeffrey@example.net,67650.0,Sales,2022-08-21
William Hughes,Male,63.0,Smithville,austin06@example.org,76881.0,HR,2023-01-08
Susan Romero,Female,,South Kurtland,,76413.0,HR,2023-12-17
Jonathan Mcpherson,Female,49.0,Port Bruce,ocruz@example.com,36012.0,Engineering,2020-05-13
Rebecca Lee DVM,Male,34.0,East Thomas,michael25@example.com,80115.0,Sales,2020-07-22
Alison Wilson,Female,34.0,Mcdowelltown,donald33@example.com,37151.0,Engineering,2024-06-18
Tracey Anderson,Male,31.0,Port Emilyshire,georgethomas@example.com,87716.0,Marketing,2023-07-23
Amy Gallegos,Female,26.0,Velasquezhaven,mhill@example.org,123747.0,HR,2023-12-08
,Male,57.0,South Morgan,michael76@example.com,,Marketing,2021-01-10
Brian Mendez,Female,19.0,North Cheryl,kevin74@example.com,66378.0,Engineering,2020-12-06
Rebecca Jenkins,Male,62.0,Lake Billy,rayangelica@example.net,72652.0,HR,2020-02-23
Diana Ward,Male,42.0,Youngmouth,jacksongregory@example.net,,HR,2024-06-10
,Male,,Lake Lisaside,vsaunders@example.org,43467.0,Engineering,2020-03-10
Charles Green,Female,26.0,Fullerview,,61010.0,Engineering,2021-06-25
,,,Port Deniseview,lbass@example.net,,Engineering,2021-09-28
William Mitchell,Male,,New Davidfort,katelyn24@example.com,84691.0,Engineering,2023-04-01
Kelly Graves,Female,63.0,,edwardsjames@example.com,94157.0,Engineering,2023-06-18
Kristen Fields MD,Female,21.0,,bcohen@example.org,,HR,
Christopher Cook,Male,43.0,East Rebecca,williamssarah@example.net,42289.0,Engineering,2022-07-10
Christine Johnson,Male,46.0,Coreyland,antoniofields@example.com,74976.0,HR,2022-02-18
Jamie Butler,Female,62.0,,masseydouglas@example.net,,HR,2020-04-16
Dave Hayes,,51.0,East Elizabethchester,evelyn90@example.net,53171.0,Engineering,2022-08-23
Linda Brown,Female,40.0,East David,taylormadison@example.com,,Engineering,2023-12-22
Andrew Scott,Female,54.0,West Michaelberg,stewartross@example.net,116365.0,Sales,2020-04-22
Sean Hernandez,Female,28.0,Harpermouth,tyler46@example.net,148218.0,HR,2022-08-04
Jimmy Haynes,Male,23.0,West Michael,luis59@example.net,129590.0,,2020-06-13
Timothy Jarvis,Female,,Sanchezborough,michaelscott@example.org,144014.0,Engineering,
Leah Riley,Male,38.0,Lake Ronaldhaven,kwilson@example.org,74139.0,Engineering,2023-05-05
,,59.0,Willisside,rayelizabeth@example.com,78713.0,Sales,2022-07-09
Chad Johnson,,53.0,North Dawnfort,johnsonkaylee@example.org,59734.0,Sales,2022-08-16
Mr. Joshua Ewing,Female,58.0,South Nicole,davidhernandez@example.com,102588.0,Marketing,2020-12-28
Sara Mason,Male,55.0,Lake Alexander,itaylor@example.net,93646.0,HR,2021-10-28
Jennifer Rodriguez,Male,,Joshuaside,anthonyruiz@example.org,33654.0,Marketing,
,Female,34.0,Burnsbury,rodrigueztina@example.net,119022.0,Engineering,2020-03-27
Kathleen Wright,Male,54.0,New Chadton,xbaker@example.org,48743.0,Sales,
Donald Harris,Male,42.0,New Justintown,aarondavis@example.com,78368.0,Sales,2022-12-16
Meghan Ingram,Female,55.0,Johnsonside,daniel21@example.com,,Marketing,
Curtis Daniel,Male,29.0,Jenkinstown,leslienorton@example.net,104172.0,Sales,2024-04-04
Robert Moses,Male,40.0,Lake Richard,joseph77@example.org,36441.0,Engineering,2023-06-23
Shannon Snyder,Male,59.0,Joannetown,robertmckay@example.org,149735.0,Sales,
George Hoffman,Female,39.0,East Desiree,ashley67@example.net,54611.0,Marketing,2022-11-03
Justin Garcia,Female,38.0,Port Paul,jamieoconnell@example.net,149891.0,Engineering,2020-07-14
Tracy Nielsen,Female,44.0,Alexandermouth,tsolis@example.com,137971.0,Marketing,2020-10-12
Joseph Harris,Male,48.0,Fredhaven,,42149.0,Sales,2024-05-06
Kevin Bowman,Male,23.0,Morrowbury,ramoskathryn@example.org,130102.0,Marketing,2023-03-30
Kathryn Stephenson,Female,44.0,Gutierreztown,,89189.0,Marketing,2024-04-06
Terry Byrd,Male,57.0,North Angelaborough,craig83@example.com,137904.0,HR,
Kevin Daugherty,,51.0,Dayfort,,51675.0,Sales,2022-01-27
Matthew Reyes,Female,29.0,South Brian,,101031.0,Sales,2022-10-22
Kelly Sampson,,62.0,South Angelahaven,joshuamyers@example.com,,,2023-09-08
Evelyn Turner,Male,24.0,Lauramouth,wjohnson@example.com,43673.0,HR,2020-04-18
Matthew Larson,,27.0,East Haydenburgh,barbara91@example.org,106666.0,Sales,2023-06-28
Juan Perry,,62.0,Weaverton,ellisnatalie@example.net,118204.0,Engineering,2022-04-26
Sherri Gonzalez,,34.0,Davenportport,pedromckinney@example.net,110758.0,Marketing,2021-06-25
Gregory Miller,Female,43.0,Lake Howardfurt,walkeranne@example.net,95429.0,Sales,2022-05-14
Matthew Zimmerman,Female,38.0,West Kaylaville,rachel49@example.com,53669.0,Engineering,2022-09-15
Rhonda Griffin,Female,45.0,Meganside,perrycarmen@example.org,64068.0,Sales,2020-10-19
Brenda Barton,Male,63.0,Chungstad,,118789.0,Engineering,2020-04-01
Maria Hill,Female,,,,39435.0,Marketing,2024-06-23
Monica Atkins,,60.0,New Kelly,paulasmith@example.org,124088.0,Sales,2022-12-16
Nichole Hodges,Female,18.0,North Kenneth,michaelcabrera@example.org,,Sales,2021-06-21
,Female,53.0,Lesliebury,igomez@example.com,67384.0,,2021-02-01
Stephanie Ramos,Female,43.0,Lake Jennybury,paul20@example.net,111929.0,Marketing,2021-12-19
Laura Turner,Male,46.0,Jonesmouth,linda05@example.net,106153.0,Engineering,2023-06-20
Mario Stanley,Male,38.0,Whitemouth,juanstrickland@example.net,134056.0,Sales,2023-03-05
Elizabeth Patterson,Female,28.0,Shermanmouth,hardinnichole@example.org,,Sales,2021-05-06
Laura Lin,Male,57.0,West Thomas,patricia83@example.org,61401.0,,2022-03-10
Jason Wilkins,Female,28.0,South Sharon,simsmichael@example.net,101831.0,Marketing,2020-08-05
Morgan Morgan,Female,53.0,Port Kyleborough,richardssandra@example.org,,HR,2021-07-11
Michelle Harvey,Male,56.0,,andrew87@example.com,145760.0,HR,2021-08-31
Mary Robinson,Male,57.0,Johnborough,ethompson@example.net,131529.0,Sales,2020-01-04
Christopher Green,Female,52.0,North Josephtown,huangdaniel@example.com,,Engineering,2020-05-03
Elizabeth Barnett,Female,,Shawnchester,svargas@example.org,140641.0,Sales,2021-01-17
Austin Wells,,64.0,Lake Melissa,,135111.0,Engineering,2021-02-23
,Male,41.0,,julieturner@example.org,85826.0,HR,
Charles Smith,Female,39.0,Hamiltonton,markevans@example.com,,Marketing,2021-07-25
Mr. David Smith,,22.0,East Kathleenport,jwarren@example.org,37227.0,Engineering,2021-02-10
Amanda Hill,Female,50.0,Ericaville,david86@example.net,,HR,2020-03-26
Brandi Smith,Male,53.0,Ramseyborough,jasonflynn@example.net,66041.0,Sales,2023-03-25
Ryan Holden,Female,64.0,East Christina,christinarodriguez@example.org,118920.0,Engineering,2024-03-19
James Parks,Female,37.0,North John,juliehunt@example.net,95681.0,Marketing,2020-07-25
Gary Bowman,Male,36.0,Sosamouth,arnoldwilliam@example.com,133314.0,Sales,2024-06-25
Allen Gonzales,Female,52.0,New Aaronberg,montgomerybilly@example.com,111571.0,Sales,2023-06-04
William Padilla,Female,60.0,New Andrewshire,,95481.0,HR,
Diane Hernandez,Male,34.0,,parkslinda@example.net,98576.0,Engineering,2021-02-19
Tiffany Nelson,Female,62.0,East Aaron,olsenroger@example.org,137958.0,Sales,2023-12-24
Amber Barber,Male,,South Lindaton,westalexander@example.org,94174.0,Marketing,2022-05-22
Rita Jackson,Male,51.0,Jocelynburgh,jason41@example.org,56160.0,Engineering,2021-10-15
Hannah Noble,Female,26.0,Carolberg,michaelrubio@example.net,145170.0,Marketing,
Tina James,Female,43.0,South Julieville,tina57@example.com,147867.0,Sales,2023-03-12
Natasha Diaz,Female,19.0,Fostermouth,cuevasvalerie@example.org,47633.0,Marketing,2024-01-15
Ruth Bradley,Female,26.0,Pruitthaven,williambell@example.com,124880.0,HR,2024-02-01
Nathan Cooper,,,Anthonyburgh,,47014.0,Marketing,2020-03-19
Taylor Huang,Female,57.0,Kimport,ericasmith@example.net,,Engineering,2023-08-24
Jonathan Pierce,,34.0,South Michelle,wangtina@example.com,79104.0,Marketing,2021-12-19
,Female,18.0,East Jeremy,joelwagner@example.com,,Marketing,2023-05-16
Matthew Ellis,Female,,Evelynberg,maynardheather@example.net,107231.0,HR,2020-12-03
Jon Torres,Female,60.0,Crawfordburgh,,98388.0,Marketing,2021-10-28
Joseph Cohen,Male,57.0,,henrymcclure@example.net,46014.0,Marketing,2022-10-27
Helen Klein,Female,59.0,Changhaven,melissa60@example.com,122578.0,Sales,2023-12-03
Monica Maldonado,Female,42.0,Port Ianberg,kayleehouse@example.com,63755.0,Sales,2024-04-23
,Female,56.0,,hsmith@example.com,70390.0,,2021-05-20
Pamela Garcia,Female,52.0,,catherine71@example.com,,Sales,2021-10-19
Jeanne Baker,Male,20.0,Glennbury,,121658.0,Sales,2022-04-16
Deborah Colon,,54.0,Hammondberg,kferguson@example.org,,Sales,2022-04-26
Cheryl Jordan,Male,61.0,,,104696.0,Sales,2021-09-24
Dorothy Sanders,Male,61.0,Cookborough,carlsonjames@example.net,57213.0,HR,2020-09-24
Carl Berry,Male,47.0,Port Ericahaven,,,Sales,2023-04-16
Brianna Mitchell,Male,55.0,Millerland,john09@example.net,134956.0,HR,2023-12-29
Matthew Williams,Male,51.0,Moniqueborough,jessica70@example.org,87784.0,HR,2023-12-11
Amy Lucas,Male,29.0,Angelaport,johnsmith@example.com,37421.0,Sales,2023-09-03
Shane Clark,Female,36.0,Port Louis,stevengray@example.com,116936.0,Marketing,2023-05-12
,Male,54.0,West Carl,kristin74@example.org,129073.0,HR,2022-07-10
Kimberly Simpson,Male,61.0,Patrickbury,deborah10@example.com,47727.0,Marketing,2021-03-30
,,34.0,Lake Lauraport,jeremy90@example.org,142418.0,Marketing,2020-02-13
Michael Meza,Female,,South Maryburgh,nelsonadam@example.net,34358.0,Sales,2024-01-10
Jocelyn Barker,Female,,Cherylburgh,timothy52@example.org,95108.0,Engineering,2023-11-18
Joel Mitchell,Male,29.0,Mariochester,andersonpaula@example.net,124018.0,Sales,
Susan Wallace,Female,,Rogerport,williamsdanny@example.com,62117.0,Engineering,
Joan Davies,Male,41.0,Fernandezberg,luis62@example.com,118700.0,Engineering,2024-06-09
Linda Murphy,Male,36.0,Tammyside,jvelasquez@example.net,,Sales,2021-10-22
,Female,25.0,Port Ronnie,hayala@example.com,128032.0,Sales,2021-01-31
Paige Salazar,Male,48.0,,vgordon@example.org,85754.0,,2020-11-29
Bonnie Allen,Female,38.0,New Austin,wallacedenise@example.com,92438.0,,2024-01-22
Jesus Hunt,Female,34.0,Michellemouth,ashleybailey@example.net,139847.0,Engineering,2023-04-20
Vanessa Taylor,Male,40.0,,laurenalvarez@example.com,59371.0,Marketing,2021-03-27
,Male,54.0,Thomasstad,,81501.0,,2022-06-18
Anne Johnson,,33.0,West Sandraborough,xbrown@example.com,90946.0,,2023-02-21
Tim Gonzales,Male,23.0,West Thomaschester,benjamin02@example.net,68467.0,,2023-03-18
Sherri Jimenez,Male,25.0,Port Shelby,,47625.0,Marketing,2020-11-28
Stacy Zuniga,Male,42.0,South Kathy,ryanharris@example.net,,Marketing,
James Lewis,Female,35.0,Lisamouth,jonathan47@example.org,106329.0,Engineering,2021-08-24
Samantha Brooks,Female,,Khanmouth,ppowers@example.com,61007.0,,2021-03-23
John Austin,Male,29.0,Hardingtown,caroline75@example.com,121302.0,,
Natasha Logan,Female,32.0,Tracyville,smithtravis@example.org,69532.0,,2023-01-15
Adam Ferguson,,,South Sara,anthonyroger@example.org,84253.0,HR,2023-10-26
Amber Smith,Female,58.0,New Garyfort,dennis77@example.com,42323.0,Sales,2024-06-04
Michael Avila,Female,62.0,,staceychavez@example.com,141335.0,HR,2020-07-21
Donna Roberts,Female,,West Stephen,nguyenjo@example.com,142356.0,Marketing,2023-10-21
Patrick Wilson,Male,64.0,New Loritown,imurray@example.org,140944.0,Sales,2022-10-02
Jasmine Weaver,Male,49.0,Sabrinachester,heatheredwards@example.com,103379.0,Sales,2021-03-08
Frank Roth,Male,27.0,New Brian,amanda93@example.org,44210.0,HR,2024-05-25
Gary Parker,,,East Jennifer,thompsonryan@example.org,46456.0,Sales,2023-04-16
Maria Green,Female,24.0,Ryanchester,daniel45@example.org,61367.0,,2023-08-02
Anthony Simon,Male,34.0,South Jose,,84624.0,Sales,2021-10-26
Elizabeth Vargas,Female,,Edwardsshire,cindyreid@example.net,40106.0,Marketing,2024-01-23
Anthony Cordova,Male,43.0,Whitebury,langjill@example.org,133493.0,HR,2023-07-27
Joshua Russell,Male,38.0,North Melissa,wbarnes@example.net,98008.0,Sales,2021-08-20
Rachel Allen,Male,,Victoriaport,monica76@example.org,145395.0,Engineering,2024-07-01
,Female,24.0,New Erica,taylormaria@example.com,146492.0,Engineering,2021-09-29
Terry Yoder,Female,31.0,,gharrison@example.net,102240.0,Engineering,
Sandra Castro,,32.0,South Michele,kellymichael@example.org,94315.0,,2020-01-01
Jessica Hall,Male,24.0,North Emily,ebony90@example.net,,Marketing,2020-08-01
Jordan Gould,Male,26.0,Michaelhaven,smartin@example.com,100587.0,Sales,2020-05-16
,Male,,Amyland,qfreeman@example.org,40756.0,HR,2022-03-31
Robert Turner,Female,40.0,Lake Matthewfort,betty07@example.org,98011.0,Sales,2022-04-11
Perry Jones,,46.0,,lindsay52@example.com,,Marketing,2021-03-14
Jason Miller,Male,35.0,Trevorfurt,gmatthews@example.net,34255.0,Engineering,2023-02-12
Timothy Taylor,Male,48.0,Marymouth,ujordan@example.net,44484.0,Marketing,2022-01-01
David Vasquez,Female,47.0,Robertborough,leedanny@example.net,86549.0,Sales,2023-10-29
Crystal Garrett,Female,56.0,,brandonreid@example.com,64503.0,HR,2023-03-24
Julie Hendrix,,52.0,Lake Cameronview,moorekristina@example.com,103794.0,Marketing,2023-09-04
Ashley Keller,Male,35.0,Kellyhaven,rogerperez@example.net,136283.0,HR,2020-10-02
,Male,59.0,Edwardsshire,katherinedelacruz@example.com,,Marketing,2022-07-06
Richard Bowman,Female,56.0,Victoriachester,johnsonshelia@example.net,75113.0,HR,2020-09-23
Lisa Hooper,Female,34.0,Samanthaton,,135730.0,HR,2023-10-15
Jordan Berg,Female,31.0,West Shannon,tiffany88@example.com,104069.0,Engineering,2024-02-08
Michael Wilcox,Male,48.0,South Robertton,jenningslaura@example.org,128117.0,HR,2021-12-11
Michael Mason,,41.0,Danielview,lisa26@example.net,35249.0,Engineering,2021-07-19
Nicole Oconnor,,,Owensfort,oliverdonna@example.org,149979.0,Sales,2020-12-16
Eddie Hall,Female,61.0,Floreshaven,hjensen@example.org,49201.0,Sales,2023-09-30
,Male,62.0,Priceshire,jennifercobb@example.org,88576.0,Engineering,2024-05-19
Eric Vargas,Female,51.0,Lake Aprilshire,cummingsdavid@example.com,148562.0,Engineering,2021-12-10
Wanda Williams,Female,20.0,Johnmouth,paul01@example.org,39686.0,Marketing,2024-06-27
April Graham,Male,54.0,North Michael,kristenjones@example.net,142413.0,Marketing,2023-12-12
Jack Davis,Female,60.0,Port Julianview,amanda10@example.net,,Marketing,2020-08-31
Joyce Ruiz,Male,57.0,Wilsonmouth,lindsey08@example.com,127543.0,Sales,2021-11-05
Sharon Obrien,Male,43.0,Sotoborough,glee@example.net,,Marketing,
Harry Singh,Male,40.0,New Kimberly,,74843.0,HR,2021-11-27
Elizabeth White,Male,61.0,Obrienburgh,,125673.0,HR,2020-11-28
Francisco Clark,Male,56.0,Erinville,kcastro@example.org,90963.0,Marketing,2021-02-07
Jeffrey Bright,Male,32.0,West Dylanmouth,butlerjackson@example.org,143092.0,HR,2022-07-26
Joseph Moss,Male,,Jordanchester,edwardssteve@example.org,72828.0,Sales,2021-11-22
Dr. Fred George,Female,46.0,Jamesside,tanyawhite@example.com,78604.0,HR,2023-01-27
Carol Olsen,Male,39.0,South Tinamouth,ufoster@example.org,40526.0,Sales,2022-03-13
Mary Murphy,Male,42.0,Hansonburgh,ronaldli@example.org,98910.0,Engineering,
Tammy Curry,Female,30.0,Danielshire,,55592.0,Engineering,2023-04-26
,Female,,South Michaeltown,jamie24@example.org,58982.0,Engineering,2024-03-06
Veronica Williams,Female,50.0,Martinezland,jeremy74@example.org,,Engineering,2021-06-01
Deanna Martinez,Male,33.0,Kathrynfort,meyerjoseph@example.net,130969.0,,
Anthony Johnson,,62.0,Michaelview,odiaz@example.com,,Marketing,2023-10-31
Michael Chambers,Male,59.0,Johnsonbury,wilkinsonmaurice@example.org,118733.0,HR,2024-07-09
Christopher Alvarez,Male,61.0,East Lisa,amanda24@example.net,,Sales,2020-08-02
Lisa Figueroa,Male,19.0,Angelachester,lcarroll@example.com,98619.0,HR,2021-03-17
Jennifer Reynolds,Male,52.0,Stephaniechester,morganlisa@example.com,59328.0,HR,
Adam Graham,Female,59.0,Port Brittanyfort,lauriemartin@example.com,76479.0,Sales,2023-04-26
Caroline Shields,Female,51.0,Sonyaside,josephnatasha@example.org,,Engineering,2020-07-28
,Male,47.0,Taylorstad,meganbrown@example.com,50103.0,Engineering,2022-11-29
Cassandra Nichols,Male,30.0,West Angelica,,69891.0,Engineering,2024-07-10
Tammy Brown,,30.0,South Dustin,gpatrick@example.com,40754.0,Marketing,2021-11-28
Scott Santiago,Female,35.0,Lake Debbiechester,tuckerandrew@example.com,129983.0,Sales,2023-11-26
Elizabeth Coleman,Male,49.0,Williamborough,keith03@example.net,111437.0,Sales,2022-04-29
Elizabeth Webb,Male,49.0,Cameronstad,,128540.0,HR,2020-04-11
Samantha Gonzalez,Female,52.0,Gardnerberg,webbrhonda@example.com,102982.0,Marketing,2024-01-03
Rachel Turner,Female,56.0,Morrisonmouth,tdaniels@example.org,132747.0,Engineering,2020-06-30
Isaac Long,Male,63.0,Markborough,anthonychandler@example.net,85922.0,Marketing,2023-03-05
Diane Warner,Female,46.0,East William,robertrice@example.org,78231.0,Sales,2023-10-29
Daniel Taylor,Female,46.0,Shannonmouth,vernonwallace@example.net,59301.0,Sales,2021-01-31
Matthew Roberts,Male,61.0,,brittanyperez@example.org,121652.0,HR,2023-04-20
Thomas Goodman,Female,,West Christina,wcooper@example.com,92711.0,HR,
Jamie Smith,,,Thomaschester,moniquecampbell@example.com,71323.0,Sales,2021-07-23
Joseph Contreras,,64.0,Yvettehaven,diane02@example.net,48752.0,Engineering,2023-07-15
Destiny Martinez,Male,27.0,,wallaceandrea@example.org,127912.0,Engineering,2023-04-29
,Male,47.0,New Donna,lesliebarker@example.org,112205.0,Marketing,2020-07-22
Andrew Gutierrez,Male,42.0,Brianshire,hayessheri@example.net,128452.0,Sales,2022-06-04
Scott Jacobs,Female,56.0,Port Mark,mrobinson@example.com,43395.0,Sales,2021-05-14
Frank Wells,Male,37.0,East Rachel,markpena@example.org,,Engineering,2022-10-16
Darrell Dennis,Female,22.0,Kelseyfurt,hodgesstephanie@example.org,86273.0,Engineering,2021-03-01
Jessica Stevens,,18.0,Lake Danielshire,rogersmaria@example.net,121878.0,Sales,
Natalie Marquez,Male,47.0,Coxbury,melissa75@example.com,34895.0,HR,2023-06-20
Michael Jackson,Female,20.0,East Robintown,melissaibarra@example.com,149968.0,Sales,2021-06-12
Daniel Martin,Male,62.0,Michellebury,bakercynthia@example.org,,,2020-12-21
Joshua Chavez,Male,31.0,South Markborough,dakota14@example.com,106559.0,Engineering,2024-07-12
Jennifer Medina,,,East Bradley,meyercindy@example.org,40699.0,Engineering,2021-11-29
Jesus Nguyen,Male,21.0,West Dustin,,95061.0,,2020-09-18
Robert Ross,,,West Kelly,sandovalruben@example.com,39715.0,HR,
,Male,54.0,West Leah,kristina61@example.net,49169.0,Marketing,2022-07-21
Wyatt Wilson,Male,42.0,,obrown@example.org,148413.0,Sales,2020-05-13
Daniel Robinson,Female,18.0,Port Scottmouth,hherrera@example.net,46163.0,Engineering,2021-08-07
Anthony Edwards,Female,63.0,South Steven,lrobinson@example.net,149264.0,HR,2023-01-20
Jessica Martin,Male,32.0,Spencerhaven,bscott@example.com,35782.0,Marketing,
Natasha Taylor,Female,26.0,Thomaston,corymiddleton@example.com,118177.0,,2021-02-21
Edward Dominguez,Male,32.0,Russellville,charding@example.org,,Engineering,
Colton Arroyo,Female,41.0,Melissaland,salazarchristine@example.org,145028.0,Engineering,2021-01-28
Janet Sanders,Male,21.0,East Robert,xsalazar@example.net,65585.0,Marketing,2020-03-12
Anthony Mcmillan,Male,29.0,East Michaelstad,cmorgan@example.net,,HR,
,Male,54.0,Williamsonville,williamknight@example.com,77864.0,Marketing,2021-07-09
Antonio Daniels,Male,54.0,North Joshua,leegomez@example.org,114416.0,Sales,2021-01-20
Mrs. Michele Cohen MD,Male,60.0,Matthewside,reedregina@example.com,85114.0,Sales,2021-11-13
Kendra Sanders,Male,,Millerland,benjamin10@example.com,,Engineering,2022-03-14
Kelly Anderson,,56.0,Lake Brittanyhaven,matthewweber@example.org,72685.0,HR,2022-02-17
Joseph Mcdonald,Male,,New Erin,coopercraig@example.org,48073.0,,2020-12-29
Amy Lloyd,Female,41.0,Hamiltonfort,flowerskathryn@example.com,66035.0,Sales,2020-12-14
Kelly Krueger,Male,28.0,Coxfurt,benjaminlevy@example.org,94977.0,Marketing,
William Hicks,Female,30.0,Adamston,bradley62@example.net,132710.0,Engineering,2022-06-29
Jason Reyes,Female,51.0,Port Travis,jordankathy@example.org,120373.0,Marketing,2020-03-02
Eileen Leblanc,Female,42.0,,wdennis@example.org,113362.0,Marketing,2023-08-25
April Johnson,Male,24.0,Brianside,daviespaula@example.net,120517.0,Marketing,2021-05-08
Michele Young,Male,21.0,Griffinville,fdean@example.net,95450.0,HR,2020-11-27
Phillip Gonzalez,,25.0,Harrisonhaven,aguilarcameron@example.com,40382.0,Sales,2020-03-28
Leslie Norris,Male,37.0,Port Johnmouth,stevenhaney@example.net,34437.0,HR,2020-09-22
Christian Bass,Female,,Jamesstad,christopherferguson@example.net,100971.0,Sales,2023-06-24
Anne Fuentes,Male,62.0,West Holly,kimbenton@example.net,94612.0,Engineering,2021-06-20
Cathy Myers,Female,63.0,North Elizabethshire,,,Engineering,2021-03-21
Dorothy Thomas,Female,27.0,Christineton,glen83@example.org,91929.0,Marketing,2021-06-21
,Male,60.0,,richard62@example.com,132411.0,,2024-04-17
Laura Snow,Female,51.0,Melvinbury,,127518.0,Sales,2021-01-04
Thomas Gould MD,,43.0,Patriciaport,mcfarlandcameron@example.net,128864.0,Sales,2023-01-21
Joshua Duncan,Female,58.0,Timothychester,ryanharris@example.com,42329.0,Marketing,2021-07-06
Todd Davis,Female,20.0,Waltersberg,darren02@example.net,55169.0,,2020-03-27
Mark Frye,Male,23.0,Gentryshire,melissabarker@example.com,117468.0,Engineering,2022-08-02
Lawrence Payne,Male,22.0,Aliciachester,gomezsusan@example.com,64594.0,HR,2023-07-26
Erin Rosales,,22.0,West Karenfort,jennifercastillo@example.com,106957.0,Sales,2020-01-12
Christopher Williams,Female,64.0,South Eileenborough,janetmorris@example.net,90631.0,Sales,2020-11-12
Brandon Wilson,Male,40.0,Lake Andrew,joel89@example.net,75033.0,HR,2024-06-11
Karen Hunter,Female,26.0,East Juliemouth,fhumphrey@example.com,,Sales,2024-05-15
Karen Dalton,Female,52.0,Vasquezland,carpenterjacqueline@example.com,103165.0,Marketing,2023-07-17
,Male,37.0,Christophertown,rburton@example.org,,Marketing,2022-12-24
Alexandra Austin,Male,59.0,East Johnberg,jefferylewis@example.com,,Sales,
Calvin Mckee,Female,,,hollyortiz@example.net,124031.0,Marketing,2023-02-02
Kaitlin Clark,Female,35.0,East Lisa,qgallagher@example.net,61750.0,Marketing,2022-09-19
Rebecca Lopez,Male,34.0,Mendozaberg,,125155.0,Sales,2023-08-20
Jennifer Wyatt,Male,41.0,Lake Chelseashire,lspence@example.com,70461.0,Engineering,2021-12-14
Angela Brown,Male,20.0,,swoods@example.com,103800.0,HR,2020-03-16
Paula Sanchez,Male,49.0,Kristinview,williamhughes@example.com,108222.0,Marketing,2024-01-07
,Male,,Rickymouth,mlopez@example.com,,Engineering,2021-10-01
,Female,55.0,North Danielmouth,kaiserheather@example.com,54226.0,Marketing,2023-08-06
Joseph Gardner,Female,30.0,East Melanie,adamskaren@example.com,36721.0,Marketing,2020-02-27
Mary Wheeler DVM,Female,64.0,Stonemouth,,86154.0,HR,2021-05-01
David Sweeney,Female,,Tranview,wendymiller@example.org,50609.0,,2023-04-04
James Taylor,Male,,West Adrianfort,nicholasjackson@example.com,82130.0,HR,2023-02-06
,Male,21.0,Westville,knightaaron@example.com,102909.0,HR,2020-06-17
Patrick Esparza,Male,31.0,East Elizabeth,xmoore@example.com,134211.0,HR,2021-07-23
Christopher Franklin,,54.0,West Krystaltown,kgarcia@example.org,85249.0,Engineering,2021-10-20
,Female,51.0,South Patricia,hwatts@example.com,,Sales,2021-11-01
Heather Murray MD,Male,28.0,Davidsonside,,124473.0,Engineering,2022-07-17
Dr. Jody Ingram,,58.0,New Davidport,jessicalee@example.net,35656.0,,2020-02-29
Jason Lewis,Female,20.0,West Kellyton,bsharp@example.com,104520.0,,2022-05-17
Margaret Dominguez,Female,45.0,,browndarlene@example.com,93740.0,HR,2022-09-28
Terrence Baker,Male,46.0,Paulville,xmclean@example.org,94309.0,Marketing,2020-07-06
Hunter Brady,Male,,Andersonberg,,59984.0,HR,2022-03-20
Barbara Ward,Female,20.0,East Robert,andrewmitchell@example.net,148947.0,,2020-12-30
,Male,42.0,Morrisfort,jesseowens@example.com,103822.0,Sales,2020-10-10
Michael Walters,Male,51.0,Lake Steven,,,HR,2023-03-23
,Male,29.0,East Dorothyland,jessica72@example.net,61552.0,Marketing,2021-11-26
William Wilson,Female,59.0,Lake Thomaschester,kelleysteven@example.com,121245.0,Engineering,
Russell Barnett,Female,,Christineside,,61055.0,Marketing,2024-04-22
Deborah Trevino,Female,32.0,Zacharyfort,lynchjames@example.net,,HR,2020-12-15
Patricia Pollard,Female,57.0,East Davidton,xwells@example.com,103965.0,,2020-01-28
Lawrence Oneill,Female,42.0,,rhodges@example.net,44716.0,Marketing,2021-02-28
Kevin Melton,Female,22.0,New Samuel,,144099.0,,2021-02-28
Jeffrey Cook,Female,28.0,,shawnanderson@example.net,41138.0,,2020-10-17
,Male,51.0,North Aaron,kimberly16@example.org,65298.0,Marketing,
Elizabeth Murray,,,North Scott,seansantiago@example.org,81112.0,Marketing,
Ashley Berger,Male,32.0,Sullivanside,avilasarah@example.com,,Engineering,2020-06-25
Rachel Cruz,,55.0,Nuneztown,jhaynes@example.org,80200.0,,2020-03-03
Jeffrey Jordan,,25.0,Cassandraview,taylor76@example.net,101308.0,Engineering,2022-04-10
Matthew Smith,Male,22.0,Kennethview,sroberts@example.com,78244.0,Engineering,2023-12-04
John Thomas,Male,,Adamton,,147217.0,Engineering,2022-11-22
,Female,35.0,Edwardsberg,armstrongbrandon@example.com,144055.0,,2020-01-02
Robert Gomez,Female,23.0,Port Katie,cthompson@example.org,131268.0,HR,2022-08-08
Jennifer Ball,Male,54.0,North Nicoleside,moralesnicole@example.net,135441.0,Sales,2021-07-01
Jamie Guerrero,Male,30.0,,sjones@example.org,47347.0,Engineering,2021-12-11
Larry Perez,Female,45.0,Lake Natalie,parkallison@example.com,46920.0,Marketing,2023-04-25
Mrs. Danielle Peterson,Male,22.0,Jonesstad,,61822.0,Marketing,2021-09-08
Sarah Shaw,Male,,Barrychester,elee@example.net,76659.0,Engineering,2023-02-26
Clifford Rodriguez,Female,34.0,Jenniferburgh,stacey56@example.net,70108.0,Marketing,2023-08-18
Ashley Mills,Male,57.0,Nicolebury,kharris@example.net,119099.0,Engineering,2024-06-17
Jacqueline Carey,Female,62.0,Beckymouth,williamanderson@example.net,37967.0,Marketing,2021-08-10
Gregg Higgins,Male,49.0,Aprilland,qsnyder@example.org,140719.0,Sales,2023-12-13
Lance Hayden,Female,46.0,Johnport,austinerica@example.com,,HR,2022-05-08
Jennifer Roberts,Female,20.0,Kevinfurt,pthompson@example.org,124299.0,HR,2023-06-25
Jennifer Martin,Female,57.0,South Kimberly,agray@example.net,107452.0,Sales,2020-01-21
Kevin Morrison,Male,51.0,Gregoryshire,cnewton@example.net,104270.0,Sales,
Emily Dixon,Female,57.0,Estradabury,omiller@example.org,63613.0,Engineering,2024-05-02
Natasha Lee,Male,44.0,Davidport,rgutierrez@example.com,58179.0,Engineering,
Matthew Dixon,Male,30.0,Cliffordshire,stacybailey@example.com,82188.0,Engineering,2020-05-19
Vanessa Marquez,Male,62.0,,james54@example.org,85099.0,Marketing,2021-06-14
Gina Rogers,Male,50.0,,kberry@example.net,65262.0,Engineering,
Seth Conner,Female,23.0,South Kevinfurt,karl72@example.org,108213.0,Sales,2022-06-20
,Female,41.0,Susanborough,laura59@example.org,147407.0,HR,2024-05-06
Michael Hall,Male,36.0,Richardburgh,daniel92@example.net,,Marketing,2023-11-26
Gina Fox DDS,Male,33.0,North Glennbury,charles23@example.org,107866.0,Engineering,2021-11-04
Tonya Martinez,Female,57.0,Ellisstad,jasonwilliams@example.org,116269.0,Marketing,2020-07-26
Erin Reynolds,Male,45.0,Thomasshire,nicholebaker@example.com,90545.0,,2022-05-02
Natalie Davis,Female,50.0,Port Connie,johngarcia@example.com,133483.0,Engineering,2022-09-08
Dylan Le,Male,58.0,South Troymouth,rjackson@example.net,122822.0,Marketing,
Scott Thompson,Male,30.0,Davishaven,kristenwright@example.com,102146.0,HR,2021-03-26
Sarah Reed,,60.0,Cameronborough,ymartin@example.net,101966.0,Sales,2020-08-16
Paul Shea,Male,62.0,Lesliestad,roberthill@example.net,69922.0,Sales,2021-12-06
Todd Cantrell,Female,42.0,Butlerfurt,curtisbyrd@example.org,109364.0,HR,2021-09-07
Destiny Smith,Male,59.0,Cruzshire,theresa15@example.org,72913.0,Marketing,2023-03-24
James Sims,Male,53.0,West Mary,smithleslie@example.com,127033.0,Engineering,2023-04-09
,Male,44.0,Jonesfort,,134792.0,Marketing,
Dana Riggs,Female,55.0,South Micheal,dawn45@example.net,149425.0,HR,2022-08-08
Robert Marshall,Male,24.0,Padillaport,powellsandra@example.net,85677.0,Marketing,
Stacey Kirk,Male,22.0,Lake Tiffanyside,charles77@example.net,132154.0,Sales,2023-11-11
Lisa Thomas,Male,60.0,Danielside,amandagreen@example.net,79841.0,Marketing,2023-03-07
Sarah Nelson,Male,62.0,,kathleen56@example.org,76332.0,HR,2023-08-18
Ashley Willis,Female,48.0,Michaelmouth,zbrown@example.net,122062.0,,2021-03-24
Leslie Williams,Female,40.0,Jessicaborough,hillmary@example.com,149863.0,Marketing,2020-07-25
Sara Warren,Male,59.0,East Charles,,125694.0,Marketing,2020-05-22
Molly Anderson,Female,27.0,Amandaport,leeelizabeth@example.net,55032.0,Sales,
Derek Williams,Male,49.0,East Anna,ycoleman@example.net,67846.0,Engineering,2023-01-20
Connie Gordon,Male,60.0,Kingmouth,alexandria12@example.org,89474.0,Sales,2024-02-28
Austin Tran,Male,47.0,,karen59@example.com,74936.0,Engineering,2022-05-13
John Weber,Female,56.0,,tduncan@example.org,59794.0,HR,2021-03-15
James Ford,Female,48.0,South Natashachester,matthew24@example.com,91588.0,HR,2024-02-07
,Female,35.0,Davismouth,richardkent@example.net,100984.0,Sales,2023-08-29
Kathy Reynolds,Female,53.0,New Sarah,david96@example.net,80331.0,Sales,2022-08-04
Anna Mosley MD,Female,19.0,Larryville,karenortega@example.com,124397.0,HR,
Cindy Lamb,Female,31.0,Frankview,rangeljessica@example.org,58141.0,Engineering,
Daniel Lopez,Female,30.0,,twerner@example.com,39074.0,HR,
Christine Ramos,Female,46.0,,patrick15@example.com,36406.0,Sales,2023-09-13
Sandra Perry,Female,29.0,Smithberg,lgates@example.net,127359.0,HR,2020-01-14
Sarah Ingram,Male,56.0,South Sandrastad,roberthall@example.com,53291.0,Sales,
Megan Bean,Female,19.0,Zacharyside,juanstewart@example.net,71568.0,Sales,2021-01-17
Terrence Love,Female,49.0,New Veronicatown,richardadams@example.net,127539.0,HR,2021-01-17
William Adams,Female,30.0,Moorefort,benjamin31@example.net,76851.0,Engineering,2022-08-30
Amy Jones,Female,63.0,Port Shannonside,brianashelton@example.org,129942.0,Marketing,2020-04-21
,Female,,Thomasbury,dustinward@example.com,84823.0,HR,2021-03-08
Tyler Flores,Female,58.0,South Richardland,simonjeffrey@example.org,53312.0,Marketing,2023-03-26
Billy Baldwin II,Female,34.0,Hillborough,michelle20@example.org,73108.0,HR,2023-10-15
Kara Graham,,57.0,South Amanda,simmonsjustin@example.net,96918.0,,2023-09-08
Jeffery Cox,Female,48.0,Williamsfurt,thomassophia@example.net,64171.0,Engineering,2023-11-16
Justin Nguyen,Female,51.0,Port Tanya,johnwilson@example.org,71779.0,Engineering,
Brianna Peters,Female,41.0,Davidhaven,alvarezbrian@example.com,98828.0,HR,2022-05-06
John Berry,Male,,Wheelerland,usanchez@example.net,137315.0,Sales,2022-03-11
,Male,52.0,West Sarah,hawkinsjeremy@example.org,128723.0,Marketing,2024-05-22
Kayla Lam,Female,23.0,Port Elijahview,zelliott@example.com,42411.0,,2022-08-05
Michael Smith,Female,36.0,Petersonhaven,davidhunt@example.com,132821.0,Sales,2021-12-03
Deanna Hill,Male,47.0,Stevenberg,lblake@example.com,147990.0,Sales,2022-10-14
William Wilson,Female,59.0,Lake Thomaschester,kelleysteven@example.com,121245.0,Engineering,
,Female,26.0,Port Matthew,wtrujillo@example.org,59257.0,Marketing,2021-06-01
,Male,54.0,West Carl,kristin74@example.org,129073.0,HR,2022-07-10
,Female,64.0,,james70@example.org,34114.0,Engineering,2020-12-13
Tiffany Harrell,Male,45.0,Gailhaven,hberger@example.net,66321.0,Sales,2022-01-11
Daniel Mclaughlin,Female,48.0,Cooperton,kaitlinblair@example.org,87372.0,HR,2024-05-15
Juan Floyd,Female,40.0,South Bethborough,victoriaroy@example.com,,HR,2022-08-21
Kelly Sampson,,62.0,South Angelahaven,joshuamyers@example.com,,,2023-09-08
Susan Patterson,Male,34.0,Nicoleburgh,joshua21@example.com,143387.0,HR,
,Female,57.0,South Tammytown,jamie73@example.net,47087.0,HR,2020-01-29
Jennifer White,Female,20.0,Kayleeview,christopher82@example.org,33712.0,,2021-01-29
,Female,60.0,North Josephborough,valenciabenjamin@example.org,64707.0,Engineering,2022-06-07
Sara Warren,Male,59.0,East Charles,,125694.0,Marketing,2020-05-22
Monica Atkins,,60.0,New Kelly,paulasmith@example.org,124088.0,Sales,2022-12-16
Elizabeth Patterson,Female,28.0,Shermanmouth,hardinnichole@example.org,,Sales,2021-05-06
,,57.0,West Wayne,thomasgarner@example.org,74859.0,Sales,
Cheryl Bates,Male,25.0,,hudsonrenee@example.org,55426.0,,2020-04-09
John Jacobs,Female,35.0,Matthewborough,alexandragrimes@example.net,94178.0,HR,2020-03-27
Taylor Morrison,Male,54.0,New Andrea,ashley69@example.com,123680.0,Sales,2022-07-16
Keith Powell,,28.0,Hurstberg,,61890.0,Engineering,2023-12-01
April Johnson,Male,24.0,Brianside,daviespaula@example.net,120517.0,Marketing,2021-05-08
Don Torres,Male,60.0,Bruceside,melissa11@example.net,52612.0,Sales,2020-06-28
Gerald Webb,Female,40.0,East Timothybury,kstevens@example.org,117128.0,Sales,
Adam Graham,Female,59.0,Port Brittanyfort,lauriemartin@example.com,76479.0,Sales,2023-04-26
Tonya Jackson,Female,34.0,Lake Elizabethville,tylerromero@example.org,129911.0,Marketing,2021-11-09
Lori White,Male,33.0,,,69110.0,,2021-08-06
Dr. Fred George,Female,46.0,Jamesside,tanyawhite@example.com,78604.0,HR,2023-01-27
Laura King,Male,32.0,North Gabriel,jonathanmcbride@example.net,,,2020-06-07
Dana Riggs,Female,55.0,South Micheal,dawn45@example.net,149425.0,HR,2022-08-08
Anthony Simon,Male,34.0,South Jose,,84624.0,Sales,2021-10-26
Keith Gordon,,19.0,North Jennifer,nrice@example.com,103770.0,Engineering,2024-05-11
Wesley Mclaughlin,Male,63.0,Jennifertown,bradleyanderson@example.com,90112.0,HR,2021-10-30
Gina Rogers,Male,50.0,,kberry@example.net,65262.0,Engineering,
Anne Bowers,Male,40.0,Anthonyberg,jowens@example.org,52431.0,Engineering,2020-05-17
Charles Andrade,Female,,Emilyfort,,,Engineering,2023-02-19
Mark Gallagher,Male,,Juliestad,rachel00@example.org,113976.0,HR,2021-11-16
Christian Bass,Female,,Jamesstad,christopherferguson@example.net,100971.0,Sales,2023-06-24
Jason Wilkins,Female,28.0,South Sharon,simsmichael@example.net,101831.0,Marketing,2020-08-05
Amber Hall,Male,47.0,West Samantha,udeleon@example.org,61585.0,Marketing,
Rachel Allen,Male,,Victoriaport,monica76@example.org,145395.0,Engineering,2024-07-01
Jennifer Moreno,,31.0,New Stevenfurt,richardmann@example.net,131293.0,Sales,2020-01-13
,Female,55.0,North Danielmouth,kaiserheather@example.com,54226.0,Marketing,2023-08-06
Andrea Mathews,Female,19.0,Kaitlynland,marcovazquez@example.org,77908.0,Sales,2021-08-01
Dr. Erin Hodge,Male,36.0,Stanleymouth,carlcortez@example.net,67412.0,Marketing,2021-12-14
Pamela Barker,,,Port Morganfurt,dduffy@example.org,39108.0,Sales,2023-08-26
Elizabeth Cain,Female,42.0,Marshallberg,allisonlopez@example.net,102595.0,Marketing,2023-01-02
Vanessa Marquez,Male,62.0,,james54@example.org,85099.0,Marketing,2021-06-14
Charles Green,Female,26.0,Fullerview,,61010.0,Engineering,2021-06-25
Stephen Harvey,Male,45.0,Martinbury,erinanderson@example.org,82269.0,Sales,2020-03-27
Dylan Le,Male,58.0,South Troymouth,rjackson@example.net,122822.0,Marketing,
Regina Wilson,Female,24.0,Bushberg,gregory11@example.net,62779.0,Engineering,2021-12-01
Teresa Taylor,Male,57.0,,padillajeffery@example.com,121155.0,,2024-01-04
Tanner Munoz,Female,39.0,Isaiahmouth,,66914.0,Marketing,2023-04-24
Victor Hanna,Female,20.0,Port Emilyberg,stephaniecole@example.com,88348.0,,2020-03-18
Bonnie Allen,Female,38.0,New Austin,wallacedenise@example.com,92438.0,,2024-01-22
Aaron Reese,Female,,North Nathanfurt,patricianielsen@example.net,145374.0,Sales,2020-03-28
Christopher Olson,Female,20.0,Jennachester,mosesstephanie@example.net,61598.0,HR,2022-05-26
Crystal Reed,Male,50.0,Lake Rachelhaven,vaughnemily@example.net,106619.0,HR,2021-09-16
Jonathan Mcpherson,Female,49.0,Port Bruce,ocruz@example.com,36012.0,Engineering,2020-05-13
Maria Green,Female,24.0,Ryanchester,daniel45@example.org,61367.0,,2023-08-02
Michelle Nichols,Female,,Christopherstad,miguelmolina@example.com,144846.0,Engineering,2023-12-26
,,,Port Deniseview,lbass@example.net,,Engineering,2021-09-28
Carlos Miller,,52.0,Villanuevatown,duncanlisa@example.com,78320.0,Engineering,2023-05-24
Teresa Moore,Female,39.0,,,105304.0,Engineering,2021-01-31
Vanessa Brewer,Female,30.0,Lake Davidmouth,john13@example.org,141822.0,Marketing,2023-05-29
Craig Lee,Male,26.0,Johnsontown,elainejimenez@example.org,125081.0,HR,2020-07-09
,Male,43.0,Port Cristian,obowman@example.org,144994.0,HR,2021-01-15
Melissa Mcclure MD,Female,,Thompsonmouth,martinezsharon@example.com,45398.0,,2023-05-18
Pamela Roberts,Female,47.0,Jessicashire,valdezmadison@example.org,74413.0,HR,2023-12-09
Gregory Taylor,Female,43.0,,kimberlyhunter@example.com,60015.0,Sales,2024-01-29
Tonya Baird,Male,57.0,Peterville,powersrebecca@example.com,126059.0,,2022-01-24
Tammy Reid,,39.0,North Deborahhaven,,116652.0,Marketing,2023-03-15
Robert Hale,Male,,Murphyshire,,50022.0,,2023-02-17
Kevin Duarte,Male,23.0,,tinapeters@example.org,56660.0,Marketing,2022-11-07
Kelly Anderson,,56.0,Lake Brittanyhaven,matthewweber@example.org,72685.0,HR,2022-02-17
Joshua Chavez,Male,31.0,South Markborough,dakota14@example.com,106559.0,Engineering,2024-07-12
Matthew Roberts,Male,61.0,,brittanyperez@example.org,121652.0,HR,2023-04-20
Sheryl Moyer DDS,Female,40.0,Toddton,danielle17@example.net,54596.0,Sales,2022-12-05
Donna Wilson,Male,27.0,Port Danielleview,amy17@example.org,109530.0,Sales,2023-09-24
Jordan Gould,Male,26.0,Michaelhaven,smartin@example.com,100587.0,Sales,2020-05-16
Zachary Bonilla,Female,25.0,South Michaelland,,63320.0,Engineering,
Geoffrey Kaufman,Female,50.0,Bowmanhaven,deborahbishop@example.com,,Engineering,2020-09-24
Barbara Ward,Female,20.0,East Robert,andrewmitchell@example.net,148947.0,,2020-12-30
Richard Bowman,Female,56.0,Victoriachester,johnsonshelia@example.net,75113.0,HR,2020-09-23
Elizabeth Webb,Male,49.0,Cameronstad,,128540.0,HR,2020-04-11
Donald Freeman,Female,38.0,,rcopeland@example.net,69214.0,HR,2022-01-03
Sarah Smith,Female,30.0,Mcintyreberg,ryan50@example.net,38711.0,HR,2024-05-16
Eileen Leblanc,Female,42.0,,wdennis@example.org,113362.0,Marketing,2023-08-25
Adrian Jenkins,Female,18.0,East Mary,,129259.0,Engineering,2020-10-23
Barbara Waters,Male,56.0,West Alan,zwheeler@example.org,,Sales,2020-08-06
Billy Baldwin II,Female,34.0,Hillborough,michelle20@example.org,73108.0,HR,2023-10-15
Teresa Russell,Male,,Angelaside,tammieharris@example.net,,HR,2024-02-27
Justin Swanson,Female,52.0,Reedfurt,braytimothy@example.net,38906.0,,2022-06-04
Dr. Jody Ingram,,58.0,New Davidport,jessicalee@example.net,35656.0,,2020-02-29
Alex Cohen,Male,54.0,South Christianville,icox@example.org,108301.0,Engineering,2022-01-10
Gwendolyn Brown,Female,34.0,,,112711.0,Marketing,2021-01-18
Mark Frye,Male,23.0,Gentryshire,melissabarker@example.com,117468.0,Engineering,2022-08-02
Dustin Giles,,20.0,South Samuel,lauramorgan@example.com,104441.0,Engineering,2023-10-31
Anna Mosley MD,Female,19.0,Larryville,karenortega@example.com,124397.0,HR,
Anna Clark,Female,48.0,Michellestad,anthony45@example.net,86503.0,Sales,2021-05-06
